[{"model": "admin.logentry", "pk": 1, "fields": {"action_time": "2022-06-05T17:02:04.495Z", "user": 1, "content_type": 10, "object_id": "1", "object_repr": "Programming", "action_flag": 1, "change_message": "[{\"added\": {}}]"}}, {"model": "admin.logentry", "pk": 2, "fields": {"action_time": "2022-06-05T17:06:17.631Z", "user": 1, "content_type": 11, "object_id": "1", "object_repr": "start.ru", "action_flag": 1, "change_message": "[{\"added\": {}}]"}}, {"model": "admin.logentry", "pk": 3, "fields": {"action_time": "2022-06-05T17:06:33.560Z", "user": 1, "content_type": 12, "object_id": "1", "object_repr": "Python", "action_flag": 1, "change_message": "[{\"added\": {}}]"}}, {"model": "admin.logentry", "pk": 4, "fields": {"action_time": "2022-06-05T17:27:49.619Z", "user": 1, "content_type": 12, "object_id": "2", "object_repr": "Flask", "action_flag": 1, "change_message": "[{\"added\": {}}]"}}, {"model": "admin.logentry", "pk": 5, "fields": {"action_time": "2022-06-05T17:30:56.155Z", "user": 1, "content_type": 12, "object_id": "2", "object_repr": "Flask", "action_flag": 2, "change_message": "[{\"changed\": {\"fields\": [\"Logo\"]}}]"}}, {"model": "admin.logentry", "pk": 6, "fields": {"action_time": "2022-06-05T17:33:56.699Z", "user": 1, "content_type": 12, "object_id": "2", "object_repr": "Flask", "action_flag": 2, "change_message": "[{\"changed\": {\"fields\": [\"Logo\"]}}]"}}, {"model": "admin.logentry", "pk": 7, "fields": {"action_time": "2022-06-05T17:36:02.449Z", "user": 1, "content_type": 12, "object_id": "2", "object_repr": "Flask", "action_flag": 2, "change_message": "[{\"changed\": {\"fields\": [\"Logo\"]}}]"}}, {"model": "admin.logentry", "pk": 8, "fields": {"action_time": "2022-06-05T17:40:50.809Z", "user": 1, "content_type": 12, "object_id": "3", "object_repr": "Flask-admin", "action_flag": 1, "change_message": "[{\"added\": {}}]"}}, {"model": "admin.logentry", "pk": 9, "fields": {"action_time": "2022-06-05T17:45:18.858Z", "user": 1, "content_type": 12, "object_id": "4", "object_repr": "Django", "action_flag": 1, "change_message": "[{\"added\": {}}]"}}, {"model": "admin.logentry", "pk": 10, "fields": {"action_time": "2022-06-05T17:49:02.615Z", "user": 1, "content_type": 12, "object_id": "5", "object_repr": "DRF", "action_flag": 1, "change_message": "[{\"added\": {}}]"}}, {"model": "admin.logentry", "pk": 11, "fields": {"action_time": "2022-06-05T17:49:28.800Z", "user": 1, "content_type": 12, "object_id": "5", "object_repr": "Django Rest Framework", "action_flag": 2, "change_message": "[{\"changed\": {\"fields\": [\"Name\"]}}]"}}, {"model": "admin.logentry", "pk": 12, "fields": {"action_time": "2022-06-05T17:54:10.611Z", "user": 1, "content_type": 12, "object_id": "6", "object_repr": "AioHTTP", "action_flag": 1, "change_message": "[{\"added\": {}}]"}}, {"model": "admin.logentry", "pk": 13, "fields": {"action_time": "2022-06-05T17:59:26.762Z", "user": 1, "content_type": 12, "object_id": "7", "object_repr": "REST APIs", "action_flag": 1, "change_message": "[{\"added\": {}}]"}}, {"model": "admin.logentry", "pk": 14, "fields": {"action_time": "2022-06-05T18:02:49.359Z", "user": 1, "content_type": 12, "object_id": "8", "object_repr": "Swagger API", "action_flag": 1, "change_message": "[{\"added\": {}}]"}}, {"model": "admin.logentry", "pk": 15, "fields": {"action_time": "2022-06-05T18:09:07.813Z", "user": 1, "content_type": 12, "object_id": "9", "object_repr": "Model–view–controller", "action_flag": 1, "change_message": "[{\"added\": {}}]"}}, {"model": "admin.logentry", "pk": 16, "fields": {"action_time": "2022-06-05T18:13:31.196Z", "user": 1, "content_type": 12, "object_id": "10", "object_repr": "PostgreSQL", "action_flag": 1, "change_message": "[{\"added\": {}}]"}}, {"model": "admin.logentry", "pk": 17, "fields": {"action_time": "2022-06-05T18:16:19.813Z", "user": 1, "content_type": 12, "object_id": "11", "object_repr": "SQLAlchemy", "action_flag": 1, "change_message": "[{\"added\": {}}]"}}, {"model": "admin.logentry", "pk": 18, "fields": {"action_time": "2022-06-05T18:19:41.203Z", "user": 1, "content_type": 12, "object_id": "12", "object_repr": "MongoDB", "action_flag": 1, "change_message": "[{\"added\": {}}]"}}, {"model": "admin.logentry", "pk": 19, "fields": {"action_time": "2022-06-05T18:30:29.050Z", "user": 1, "content_type": 12, "object_id": "13", "object_repr": "Redis", "action_flag": 1, "change_message": "[{\"added\": {}}]"}}, {"model": "admin.logentry", "pk": 20, "fields": {"action_time": "2022-06-05T18:34:15.552Z", "user": 1, "content_type": 12, "object_id": "14", "object_repr": "RabbitMQ", "action_flag": 1, "change_message": "[{\"added\": {}}]"}}, {"model": "admin.logentry", "pk": 21, "fields": {"action_time": "2022-06-06T17:54:47.961Z", "user": 1, "content_type": 10, "object_id": "2", "object_repr": "DevOps", "action_flag": 1, "change_message": "[{\"added\": {}}]"}}, {"model": "admin.logentry", "pk": 22, "fields": {"action_time": "2022-06-06T17:54:56.195Z", "user": 1, "content_type": 12, "object_id": "15", "object_repr": "Docker", "action_flag": 1, "change_message": "[{\"added\": {}}]"}}, {"model": "admin.logentry", "pk": 23, "fields": {"action_time": "2022-06-06T17:58:56.803Z", "user": 1, "content_type": 12, "object_id": "16", "object_repr": "Kubernetes", "action_flag": 1, "change_message": "[{\"added\": {}}]"}}, {"model": "admin.logentry", "pk": 24, "fields": {"action_time": "2022-06-06T19:03:51.485Z", "user": 1, "content_type": 12, "object_id": "17", "object_repr": "CI/CD", "action_flag": 1, "change_message": "[{\"added\": {}}]"}}, {"model": "admin.logentry", "pk": 25, "fields": {"action_time": "2022-06-06T19:06:14.091Z", "user": 1, "content_type": 12, "object_id": "18", "object_repr": "Git", "action_flag": 1, "change_message": "[{\"added\": {}}]"}}, {"model": "admin.logentry", "pk": 26, "fields": {"action_time": "2022-06-06T19:10:24.496Z", "user": 1, "content_type": 12, "object_id": "19", "object_repr": "Linux", "action_flag": 1, "change_message": "[{\"added\": {}}]"}}, {"model": "admin.logentry", "pk": 27, "fields": {"action_time": "2022-06-06T19:11:06.098Z", "user": 1, "content_type": 12, "object_id": "19", "object_repr": "Linux", "action_flag": 2, "change_message": "[{\"changed\": {\"fields\": [\"Logo\"]}}]"}}, {"model": "admin.logentry", "pk": 28, "fields": {"action_time": "2022-06-06T19:13:05.302Z", "user": 1, "content_type": 12, "object_id": "17", "object_repr": "CI/CD", "action_flag": 2, "change_message": "[{\"changed\": {\"fields\": [\"Logo\"]}}]"}}, {"model": "admin.logentry", "pk": 29, "fields": {"action_time": "2022-06-06T19:14:26.378Z", "user": 1, "content_type": 12, "object_id": "2", "object_repr": "Flask", "action_flag": 2, "change_message": "[{\"changed\": {\"fields\": [\"Logo\"]}}]"}}, {"model": "admin.logentry", "pk": 30, "fields": {"action_time": "2022-06-06T19:16:16.024Z", "user": 1, "content_type": 12, "object_id": "7", "object_repr": "REST APIs", "action_flag": 2, "change_message": "[{\"changed\": {\"fields\": [\"Logo\"]}}]"}}, {"model": "admin.logentry", "pk": 31, "fields": {"action_time": "2022-06-06T19:18:08.884Z", "user": 1, "content_type": 12, "object_id": "15", "object_repr": "Docker", "action_flag": 2, "change_message": "[{\"changed\": {\"fields\": [\"Logo\"]}}]"}}, {"model": "admin.logentry", "pk": 32, "fields": {"action_time": "2022-06-06T19:21:21.810Z", "user": 1, "content_type": 12, "object_id": "20", "object_repr": "Bash", "action_flag": 1, "change_message": "[{\"added\": {}}]"}}, {"model": "admin.logentry", "pk": 33, "fields": {"action_time": "2022-06-06T19:24:09.992Z", "user": 1, "content_type": 12, "object_id": "21", "object_repr": "Celery", "action_flag": 1, "change_message": "[{\"added\": {}}]"}}, {"model": "admin.logentry", "pk": 34, "fields": {"action_time": "2022-06-06T19:27:08.716Z", "user": 1, "content_type": 12, "object_id": "22", "object_repr": "Jinja2", "action_flag": 1, "change_message": "[{\"added\": {}}]"}}, {"model": "admin.logentry", "pk": 35, "fields": {"action_time": "2022-06-06T19:29:14.669Z", "user": 1, "content_type": 12, "object_id": "23", "object_repr": "HTML", "action_flag": 1, "change_message": "[{\"added\": {}}]"}}, {"model": "admin.logentry", "pk": 36, "fields": {"action_time": "2022-06-06T19:31:01.814Z", "user": 1, "content_type": 12, "object_id": "24", "object_repr": "CSS", "action_flag": 1, "change_message": "[{\"added\": {}}]"}}, {"model": "admin.logentry", "pk": 37, "fields": {"action_time": "2022-06-06T19:33:26.434Z", "user": 1, "content_type": 12, "object_id": "25", "object_repr": "JavaScript", "action_flag": 1, "change_message": "[{\"added\": {}}]"}}, {"model": "admin.logentry", "pk": 38, "fields": {"action_time": "2022-06-06T19:35:05.352Z", "user": 1, "content_type": 12, "object_id": "25", "object_repr": "JavaScript", "action_flag": 2, "change_message": "[{\"changed\": {\"fields\": [\"Logo\"]}}]"}}, {"model": "admin.logentry", "pk": 39, "fields": {"action_time": "2022-06-07T04:44:13.385Z", "user": 1, "content_type": 11, "object_id": "1", "object_repr": "start.ru", "action_flag": 2, "change_message": "[{\"changed\": {\"fields\": [\"Description\", \"About experience\"]}}]"}}, {"model": "admin.logentry", "pk": 40, "fields": {"action_time": "2022-06-07T04:57:25.972Z", "user": 1, "content_type": 11, "object_id": "1", "object_repr": "start.ru", "action_flag": 2, "change_message": "[{\"changed\": {\"fields\": [\"Description\"]}}]"}}, {"model": "admin.logentry", "pk": 41, "fields": {"action_time": "2022-06-07T16:20:51.061Z", "user": 1, "content_type": 15, "object_id": "1", "object_repr": "Programming", "action_flag": 1, "change_message": "[{\"added\": {}}]"}}, {"model": "admin.logentry", "pk": 42, "fields": {"action_time": "2022-06-07T16:21:00.430Z", "user": 1, "content_type": 15, "object_id": "2", "object_repr": "DevOps", "action_flag": 1, "change_message": "[{\"added\": {}}]"}}, {"model": "admin.logentry", "pk": 43, "fields": {"action_time": "2022-06-07T16:22:15.666Z", "user": 1, "content_type": 15, "object_id": "3", "object_repr": "Unix-engineering", "action_flag": 1, "change_message": "[{\"added\": {}}]"}}, {"model": "admin.logentry", "pk": 44, "fields": {"action_time": "2022-06-07T16:22:33.118Z", "user": 1, "content_type": 15, "object_id": "4", "object_repr": "Networks-engineering", "action_flag": 1, "change_message": "[{\"added\": {}}]"}}, {"model": "admin.logentry", "pk": 45, "fields": {"action_time": "2022-06-07T16:23:39.217Z", "user": 1, "content_type": 16, "object_id": "1", "object_repr": "Django", "action_flag": 1, "change_message": "[{\"added\": {}}, {\"added\": {\"name\": \"technology it area\", \"object\": \"1 - Programming | Django\"}}]"}}, {"model": "admin.logentry", "pk": 46, "fields": {"action_time": "2022-06-07T16:23:58.040Z", "user": 1, "content_type": 16, "object_id": "2", "object_repr": "Flask", "action_flag": 1, "change_message": "[{\"added\": {}}, {\"added\": {\"name\": \"technology it area\", \"object\": \"2 - Programming | Flask\"}}]"}}, {"model": "admin.logentry", "pk": 47, "fields": {"action_time": "2022-06-07T16:24:36.899Z", "user": 1, "content_type": 16, "object_id": "3", "object_repr": "Advanced Python", "action_flag": 1, "change_message": "[{\"added\": {}}, {\"added\": {\"name\": \"technology it area\", \"object\": \"3 - Programming | Advanced Python\"}}]"}}, {"model": "admin.logentry", "pk": 48, "fields": {"action_time": "2022-06-07T16:25:45.024Z", "user": 1, "content_type": 15, "object_id": "5", "object_repr": "Analytics", "action_flag": 1, "change_message": "[{\"added\": {}}]"}}, {"model": "admin.logentry", "pk": 49, "fields": {"action_time": "2022-06-07T16:26:46.413Z", "user": 1, "content_type": 16, "object_id": "4", "object_repr": "Algorithms and data structures", "action_flag": 1, "change_message": "[{\"added\": {}}, {\"added\": {\"name\": \"technology it area\", \"object\": \"4 - Analytics | Algorithms and data structures\"}}, {\"added\": {\"name\": \"technology it area\", \"object\": \"5 - Programming | Algorithms and data structures\"}}]"}}, {"model": "admin.logentry", "pk": 50, "fields": {"action_time": "2022-06-07T16:28:07.899Z", "user": 1, "content_type": 16, "object_id": "5", "object_repr": "Python built-in functions", "action_flag": 1, "change_message": "[{\"added\": {}}, {\"added\": {\"name\": \"technology it area\", \"object\": \"6 - Programming | Python built-in functions\"}}]"}}, {"model": "admin.logentry", "pk": 51, "fields": {"action_time": "2022-06-07T16:29:32.320Z", "user": 1, "content_type": 16, "object_id": "6", "object_repr": "Database engineering", "action_flag": 1, "change_message": "[{\"added\": {}}, {\"added\": {\"name\": \"technology it area\", \"object\": \"7 - Programming | Database engineering\"}}, {\"added\": {\"name\": \"technology it area\", \"object\": \"8 - Analytics | Database engineering\"}}]"}}, {"model": "admin.logentry", "pk": 52, "fields": {"action_time": "2022-06-07T16:30:23.641Z", "user": 1, "content_type": 16, "object_id": "7", "object_repr": "Python decorators", "action_flag": 1, "change_message": "[{\"added\": {}}, {\"added\": {\"name\": \"technology it area\", \"object\": \"9 - Programming | Python decorators\"}}]"}}, {"model": "admin.logentry", "pk": 53, "fields": {"action_time": "2022-06-07T16:30:57.820Z", "user": 1, "content_type": 16, "object_id": "8", "object_repr": "Docker", "action_flag": 1, "change_message": "[{\"added\": {}}, {\"added\": {\"name\": \"technology it area\", \"object\": \"10 - DevOps | Docker\"}}]"}}, {"model": "admin.logentry", "pk": 54, "fields": {"action_time": "2022-06-07T16:31:28.988Z", "user": 1, "content_type": 16, "object_id": "9", "object_repr": "Kubernetes", "action_flag": 1, "change_message": "[{\"added\": {}}, {\"added\": {\"name\": \"technology it area\", \"object\": \"11 - DevOps | Kubernetes\"}}]"}}, {"model": "admin.logentry", "pk": 55, "fields": {"action_time": "2022-06-07T16:32:13.359Z", "user": 1, "content_type": 16, "object_id": "10", "object_repr": "Work with servers", "action_flag": 1, "change_message": "[{\"added\": {}}, {\"added\": {\"name\": \"technology it area\", \"object\": \"12 - DevOps | Work with servers\"}}]"}}, {"model": "admin.logentry", "pk": 56, "fields": {"action_time": "2022-06-07T16:33:27.498Z", "user": 1, "content_type": 16, "object_id": "11", "object_repr": "HTML", "action_flag": 1, "change_message": "[{\"added\": {}}, {\"added\": {\"name\": \"technology it area\", \"object\": \"13 - Programming | HTML\"}}]"}}, {"model": "admin.logentry", "pk": 57, "fields": {"action_time": "2022-06-07T16:33:45.162Z", "user": 1, "content_type": 16, "object_id": "12", "object_repr": "CSS", "action_flag": 1, "change_message": "[{\"added\": {}}, {\"added\": {\"name\": \"technology it area\", \"object\": \"14 - Programming | CSS\"}}]"}}, {"model": "admin.logentry", "pk": 58, "fields": {"action_time": "2022-06-07T16:34:07.950Z", "user": 1, "content_type": 16, "object_id": "13", "object_repr": "JavaScript", "action_flag": 1, "change_message": "[{\"added\": {}}, {\"added\": {\"name\": \"technology it area\", \"object\": \"15 - Programming | JavaScript\"}}]"}}, {"model": "admin.logentry", "pk": 59, "fields": {"action_time": "2022-06-07T16:38:03.132Z", "user": 1, "content_type": 16, "object_id": "14", "object_repr": "Generators and iterators", "action_flag": 1, "change_message": "[{\"added\": {}}, {\"added\": {\"name\": \"technology it area\", \"object\": \"16 - Programming | Generators and iterators\"}}]"}}, {"model": "admin.logentry", "pk": 60, "fields": {"action_time": "2022-06-07T16:38:24.775Z", "user": 1, "content_type": 16, "object_id": "15", "object_repr": "Git", "action_flag": 1, "change_message": "[{\"added\": {}}, {\"added\": {\"name\": \"technology it area\", \"object\": \"17 - Programming | Git\"}}]"}}, {"model": "admin.logentry", "pk": 61, "fields": {"action_time": "2022-06-07T16:39:37.628Z", "user": 1, "content_type": 16, "object_id": "16", "object_repr": "Googled Python chips", "action_flag": 1, "change_message": "[{\"added\": {}}, {\"added\": {\"name\": \"technology it area\", \"object\": \"18 - Programming | Googled Python chips\"}}]"}}, {"model": "admin.logentry", "pk": 62, "fields": {"action_time": "2022-06-07T16:40:48.324Z", "user": 1, "content_type": 16, "object_id": "17", "object_repr": "Json-schema", "action_flag": 1, "change_message": "[{\"added\": {}}, {\"added\": {\"name\": \"technology it area\", \"object\": \"19 - Programming | Json-schema\"}}]"}}, {"model": "admin.logentry", "pk": 63, "fields": {"action_time": "2022-06-07T16:41:16.864Z", "user": 1, "content_type": 16, "object_id": "18", "object_repr": "Jinja2", "action_flag": 1, "change_message": "[{\"added\": {}}, {\"added\": {\"name\": \"technology it area\", \"object\": \"20 - Programming | Jinja2\"}}]"}}, {"model": "admin.logentry", "pk": 64, "fields": {"action_time": "2022-06-07T16:41:41.204Z", "user": 1, "content_type": 16, "object_id": "19", "object_repr": "Python modules", "action_flag": 1, "change_message": "[{\"added\": {}}, {\"added\": {\"name\": \"technology it area\", \"object\": \"21 - Programming | Python modules\"}}]"}}, {"model": "admin.logentry", "pk": 65, "fields": {"action_time": "2022-06-07T16:42:08.473Z", "user": 1, "content_type": 16, "object_id": "20", "object_repr": "Networks", "action_flag": 1, "change_message": "[{\"added\": {}}, {\"added\": {\"name\": \"technology it area\", \"object\": \"22 - Networks-engineering | Networks\"}}]"}}, {"model": "admin.logentry", "pk": 66, "fields": {"action_time": "2022-06-07T16:42:37.048Z", "user": 1, "content_type": 16, "object_id": "21", "object_repr": "Python OOP", "action_flag": 1, "change_message": "[{\"added\": {}}, {\"added\": {\"name\": \"technology it area\", \"object\": \"23 - Programming | Python OOP\"}}]"}}, {"model": "admin.logentry", "pk": 67, "fields": {"action_time": "2022-06-07T16:47:59.405Z", "user": 1, "content_type": 16, "object_id": "22", "object_repr": "Asinchrony", "action_flag": 1, "change_message": "[{\"added\": {}}, {\"added\": {\"name\": \"technology it area\", \"object\": \"24 - Programming | Asinchrony\"}}]"}}, {"model": "admin.logentry", "pk": 68, "fields": {"action_time": "2022-06-07T16:48:17.857Z", "user": 1, "content_type": 16, "object_id": "23", "object_repr": "Celery", "action_flag": 1, "change_message": "[{\"added\": {}}, {\"added\": {\"name\": \"technology it area\", \"object\": \"25 - Programming | Celery\"}}]"}}, {"model": "admin.logentry", "pk": 69, "fields": {"action_time": "2022-06-07T16:48:49.731Z", "user": 1, "content_type": 16, "object_id": "24", "object_repr": "Patterns", "action_flag": 1, "change_message": "[{\"added\": {}}, {\"added\": {\"name\": \"technology it area\", \"object\": \"26 - Programming | Patterns\"}}]"}}, {"model": "admin.logentry", "pk": 70, "fields": {"action_time": "2022-06-07T17:01:46.138Z", "user": 1, "content_type": 16, "object_id": "25", "object_repr": "Pycharm", "action_flag": 1, "change_message": "[{\"added\": {}}, {\"added\": {\"name\": \"technology it area\", \"object\": \"27 - Programming | Pycharm\"}}]"}}, {"model": "admin.logentry", "pk": 71, "fields": {"action_time": "2022-06-07T17:02:30.379Z", "user": 1, "content_type": 16, "object_id": "26", "object_repr": "RabbitMQ", "action_flag": 1, "change_message": "[{\"added\": {}}, {\"added\": {\"name\": \"technology it area\", \"object\": \"28 - Programming | RabbitMQ\"}}]"}}, {"model": "admin.logentry", "pk": 72, "fields": {"action_time": "2022-06-07T17:03:30.337Z", "user": 1, "content_type": 16, "object_id": "27", "object_repr": "Python versions", "action_flag": 1, "change_message": "[{\"added\": {}}, {\"added\": {\"name\": \"technology it area\", \"object\": \"29 - Programming | Python versions\"}}]"}}, {"model": "admin.logentry", "pk": 73, "fields": {"action_time": "2022-06-07T17:04:04.368Z", "user": 1, "content_type": 16, "object_id": "28", "object_repr": "SOLID", "action_flag": 1, "change_message": "[{\"added\": {}}, {\"added\": {\"name\": \"technology it area\", \"object\": \"30 - Programming | SOLID\"}}]"}}, {"model": "admin.logentry", "pk": 74, "fields": {"action_time": "2022-06-07T17:07:48.012Z", "user": 1, "content_type": 16, "object_id": "29", "object_repr": "Unix technologies", "action_flag": 1, "change_message": "[{\"added\": {}}, {\"added\": {\"name\": \"technology it area\", \"object\": \"31 - Unix-engineering | Unix technologies\"}}]"}}, {"model": "admin.logentry", "pk": 75, "fields": {"action_time": "2022-06-07T17:10:02.130Z", "user": 1, "content_type": 16, "object_id": "30", "object_repr": "how to google a programmer?", "action_flag": 1, "change_message": "[{\"added\": {}}, {\"added\": {\"name\": \"technology it area\", \"object\": \"32 - Programming | how to google a programmer?\"}}]"}}, {"model": "admin.logentry", "pk": 76, "fields": {"action_time": "2022-06-07T17:11:19.375Z", "user": 1, "content_type": 15, "object_id": "6", "object_repr": "QA-automation", "action_flag": 1, "change_message": "[{\"added\": {}}]"}}, {"model": "admin.logentry", "pk": 77, "fields": {"action_time": "2022-06-07T17:11:28.806Z", "user": 1, "content_type": 16, "object_id": "31", "object_repr": "Xpath", "action_flag": 1, "change_message": "[{\"added\": {}}, {\"added\": {\"name\": \"technology it area\", \"object\": \"33 - QA-automation | Xpath\"}}]"}}, {"model": "admin.logentry", "pk": 78, "fields": {"action_time": "2022-06-07T17:12:06.589Z", "user": 1, "content_type": 16, "object_id": "17", "object_repr": "Json-schema", "action_flag": 2, "change_message": "[{\"changed\": {\"name\": \"technology it area\", \"object\": \"19 - QA-automation | Json-schema\", \"fields\": [\"It area\"]}}]"}}, {"model": "admin.logentry", "pk": 79, "fields": {"action_time": "2022-06-08T04:39:12.324Z", "user": 1, "content_type": 18, "object_id": "3", "object_repr": "Tchaikovsky", "action_flag": 1, "change_message": "[{\"added\": {}}]"}}, {"model": "admin.logentry", "pk": 80, "fields": {"action_time": "2022-06-08T04:40:09.429Z", "user": 1, "content_type": 18, "object_id": "4", "object_repr": "Mix", "action_flag": 1, "change_message": "[{\"added\": {}}]"}}, {"model": "admin.logentry", "pk": 81, "fields": {"action_time": "2022-06-08T04:41:37.442Z", "user": 1, "content_type": 18, "object_id": "5", "object_repr": "Henryk Wieniawski", "action_flag": 1, "change_message": "[{\"added\": {}}]"}}, {"model": "admin.logentry", "pk": 82, "fields": {"action_time": "2022-06-08T04:42:22.686Z", "user": 1, "content_type": 18, "object_id": "6", "object_repr": "Grieg", "action_flag": 1, "change_message": "[{\"added\": {}}]"}}, {"model": "auth.permission", "pk": 1, "fields": {"name": "Can add log entry", "content_type": 1, "codename": "add_logentry"}}, {"model": "auth.permission", "pk": 2, "fields": {"name": "Can change log entry", "content_type": 1, "codename": "change_logentry"}}, {"model": "auth.permission", "pk": 3, "fields": {"name": "Can delete log entry", "content_type": 1, "codename": "delete_logentry"}}, {"model": "auth.permission", "pk": 4, "fields": {"name": "Can view log entry", "content_type": 1, "codename": "view_logentry"}}, {"model": "auth.permission", "pk": 5, "fields": {"name": "Can add permission", "content_type": 2, "codename": "add_permission"}}, {"model": "auth.permission", "pk": 6, "fields": {"name": "Can change permission", "content_type": 2, "codename": "change_permission"}}, {"model": "auth.permission", "pk": 7, "fields": {"name": "Can delete permission", "content_type": 2, "codename": "delete_permission"}}, {"model": "auth.permission", "pk": 8, "fields": {"name": "Can view permission", "content_type": 2, "codename": "view_permission"}}, {"model": "auth.permission", "pk": 9, "fields": {"name": "Can add group", "content_type": 3, "codename": "add_group"}}, {"model": "auth.permission", "pk": 10, "fields": {"name": "Can change group", "content_type": 3, "codename": "change_group"}}, {"model": "auth.permission", "pk": 11, "fields": {"name": "Can delete group", "content_type": 3, "codename": "delete_group"}}, {"model": "auth.permission", "pk": 12, "fields": {"name": "Can view group", "content_type": 3, "codename": "view_group"}}, {"model": "auth.permission", "pk": 13, "fields": {"name": "Can add user", "content_type": 4, "codename": "add_user"}}, {"model": "auth.permission", "pk": 14, "fields": {"name": "Can change user", "content_type": 4, "codename": "change_user"}}, {"model": "auth.permission", "pk": 15, "fields": {"name": "Can delete user", "content_type": 4, "codename": "delete_user"}}, {"model": "auth.permission", "pk": 16, "fields": {"name": "Can view user", "content_type": 4, "codename": "view_user"}}, {"model": "auth.permission", "pk": 17, "fields": {"name": "Can add content type", "content_type": 5, "codename": "add_contenttype"}}, {"model": "auth.permission", "pk": 18, "fields": {"name": "Can change content type", "content_type": 5, "codename": "change_contenttype"}}, {"model": "auth.permission", "pk": 19, "fields": {"name": "Can delete content type", "content_type": 5, "codename": "delete_contenttype"}}, {"model": "auth.permission", "pk": 20, "fields": {"name": "Can view content type", "content_type": 5, "codename": "view_contenttype"}}, {"model": "auth.permission", "pk": 21, "fields": {"name": "Can add session", "content_type": 6, "codename": "add_session"}}, {"model": "auth.permission", "pk": 22, "fields": {"name": "Can change session", "content_type": 6, "codename": "change_session"}}, {"model": "auth.permission", "pk": 23, "fields": {"name": "Can delete session", "content_type": 6, "codename": "delete_session"}}, {"model": "auth.permission", "pk": 24, "fields": {"name": "Can view session", "content_type": 6, "codename": "view_session"}}, {"model": "auth.permission", "pk": 25, "fields": {"name": "Can add captcha store", "content_type": 7, "codename": "add_captchastore"}}, {"model": "auth.permission", "pk": 26, "fields": {"name": "Can change captcha store", "content_type": 7, "codename": "change_captchastore"}}, {"model": "auth.permission", "pk": 27, "fields": {"name": "Can delete captcha store", "content_type": 7, "codename": "delete_captchastore"}}, {"model": "auth.permission", "pk": 28, "fields": {"name": "Can view captcha store", "content_type": 7, "codename": "view_captchastore"}}, {"model": "auth.permission", "pk": 29, "fields": {"name": "Can add Token", "content_type": 8, "codename": "add_token"}}, {"model": "auth.permission", "pk": 30, "fields": {"name": "Can change Token", "content_type": 8, "codename": "change_token"}}, {"model": "auth.permission", "pk": 31, "fields": {"name": "Can delete Token", "content_type": 8, "codename": "delete_token"}}, {"model": "auth.permission", "pk": 32, "fields": {"name": "Can view Token", "content_type": 8, "codename": "view_token"}}, {"model": "auth.permission", "pk": 33, "fields": {"name": "Can add token", "content_type": 9, "codename": "add_tokenproxy"}}, {"model": "auth.permission", "pk": 34, "fields": {"name": "Can change token", "content_type": 9, "codename": "change_tokenproxy"}}, {"model": "auth.permission", "pk": 35, "fields": {"name": "Can delete token", "content_type": 9, "codename": "delete_tokenproxy"}}, {"model": "auth.permission", "pk": 36, "fields": {"name": "Can view token", "content_type": 9, "codename": "view_tokenproxy"}}, {"model": "auth.permission", "pk": 37, "fields": {"name": "Can add it area", "content_type": 10, "codename": "add_itarea"}}, {"model": "auth.permission", "pk": 38, "fields": {"name": "Can change it area", "content_type": 10, "codename": "change_itarea"}}, {"model": "auth.permission", "pk": 39, "fields": {"name": "Can delete it area", "content_type": 10, "codename": "delete_itarea"}}, {"model": "auth.permission", "pk": 40, "fields": {"name": "Can view it area", "content_type": 10, "codename": "view_itarea"}}, {"model": "auth.permission", "pk": 41, "fields": {"name": "Can add work", "content_type": 11, "codename": "add_work"}}, {"model": "auth.permission", "pk": 42, "fields": {"name": "Can change work", "content_type": 11, "codename": "change_work"}}, {"model": "auth.permission", "pk": 43, "fields": {"name": "Can delete work", "content_type": 11, "codename": "delete_work"}}, {"model": "auth.permission", "pk": 44, "fields": {"name": "Can view work", "content_type": 11, "codename": "view_work"}}, {"model": "auth.permission", "pk": 45, "fields": {"name": "Can add skill", "content_type": 12, "codename": "add_skill"}}, {"model": "auth.permission", "pk": 46, "fields": {"name": "Can change skill", "content_type": 12, "codename": "change_skill"}}, {"model": "auth.permission", "pk": 47, "fields": {"name": "Can delete skill", "content_type": 12, "codename": "delete_skill"}}, {"model": "auth.permission", "pk": 48, "fields": {"name": "Can view skill", "content_type": 12, "codename": "view_skill"}}, {"model": "auth.permission", "pk": 49, "fields": {"name": "Can add feedback", "content_type": 13, "codename": "add_feedback"}}, {"model": "auth.permission", "pk": 50, "fields": {"name": "Can change feedback", "content_type": 13, "codename": "change_feedback"}}, {"model": "auth.permission", "pk": 51, "fields": {"name": "Can delete feedback", "content_type": 13, "codename": "delete_feedback"}}, {"model": "auth.permission", "pk": 52, "fields": {"name": "Can view feedback", "content_type": 13, "codename": "view_feedback"}}, {"model": "auth.permission", "pk": 53, "fields": {"name": "Can add subscription", "content_type": 14, "codename": "add_subscription"}}, {"model": "auth.permission", "pk": 54, "fields": {"name": "Can change subscription", "content_type": 14, "codename": "change_subscription"}}, {"model": "auth.permission", "pk": 55, "fields": {"name": "Can delete subscription", "content_type": 14, "codename": "delete_subscription"}}, {"model": "auth.permission", "pk": 56, "fields": {"name": "Can view subscription", "content_type": 14, "codename": "view_subscription"}}, {"model": "auth.permission", "pk": 57, "fields": {"name": "Can add it area", "content_type": 15, "codename": "add_itarea"}}, {"model": "auth.permission", "pk": 58, "fields": {"name": "Can change it area", "content_type": 15, "codename": "change_itarea"}}, {"model": "auth.permission", "pk": 59, "fields": {"name": "Can delete it area", "content_type": 15, "codename": "delete_itarea"}}, {"model": "auth.permission", "pk": 60, "fields": {"name": "Can view it area", "content_type": 15, "codename": "view_itarea"}}, {"model": "auth.permission", "pk": 61, "fields": {"name": "Can add technology", "content_type": 16, "codename": "add_technology"}}, {"model": "auth.permission", "pk": 62, "fields": {"name": "Can change technology", "content_type": 16, "codename": "change_technology"}}, {"model": "auth.permission", "pk": 63, "fields": {"name": "Can delete technology", "content_type": 16, "codename": "delete_technology"}}, {"model": "auth.permission", "pk": 64, "fields": {"name": "Can view technology", "content_type": 16, "codename": "view_technology"}}, {"model": "auth.permission", "pk": 65, "fields": {"name": "Can add technology it area", "content_type": 17, "codename": "add_technologyitarea"}}, {"model": "auth.permission", "pk": 66, "fields": {"name": "Can change technology it area", "content_type": 17, "codename": "change_technologyitarea"}}, {"model": "auth.permission", "pk": 67, "fields": {"name": "Can delete technology it area", "content_type": 17, "codename": "delete_technologyitarea"}}, {"model": "auth.permission", "pk": 68, "fields": {"name": "Can view technology it area", "content_type": 17, "codename": "view_technologyitarea"}}, {"model": "auth.permission", "pk": 69, "fields": {"name": "Can add video", "content_type": 18, "codename": "add_video"}}, {"model": "auth.permission", "pk": 70, "fields": {"name": "Can change video", "content_type": 18, "codename": "change_video"}}, {"model": "auth.permission", "pk": 71, "fields": {"name": "Can delete video", "content_type": 18, "codename": "delete_video"}}, {"model": "auth.permission", "pk": 72, "fields": {"name": "Can view video", "content_type": 18, "codename": "view_video"}}, {"model": "auth.user", "pk": 1, "fields": {"password": "pbkdf2_sha256$260000$ieD5vbXkM9njWyXNfipkqg$kFbEyLhg7ejELeXdf7bdr3gXBxUTlMx3wXpvG8JbeKw=", "last_login": "2022-06-18T07:58:26.245Z", "is_superuser": true, "username": "ervand_agadzhanyan", "first_name": "", "last_name": "", "email": "ervand7@mail.ru", "is_staff": true, "is_active": true, "date_joined": "2022-06-05T04:15:39.584Z", "groups": [], "user_permissions": []}}, {"model": "sessions.session", "pk": "2s990glbzrd1gw5u7t6ez2h79ze0229g", "fields": {"session_data": ".eJxVjE0OwiAYBe_C2hAoBYpL956BfH_YqqFJaVfGu2uTLnT7Zua9VIZtHfPWZMkTq7Oy6vS7IdBD6g74DvU2a5rrukyod0UftOnrzPK8HO7fwQht_NaeLFuMHoiHkrhAtM7DwEZ6R8SGu46pL9IFwYTRFUIxjlJCCiQlqPcHGVw5rw:1nyoRD:D4iBeLjlnFzcm_7E9w1Vu6y649sTaokWv-o3U48ZUCk", "expire_date": "2022-06-22T05:41:03.513Z"}}, {"model": "sessions.session", "pk": "csvivik482h92w3uipkhkpnatg0rrpji", "fields": {"session_data": ".eJxVjE0OwiAYBe_C2hAoBYpL956BfH_YqqFJaVfGu2uTLnT7Zua9VIZtHfPWZMkTq7Oy6vS7IdBD6g74DvU2a5rrukyod0UftOnrzPK8HO7fwQht_NaeLFuMHoiHkrhAtM7DwEZ6R8SGu46pL9IFwYTRFUIxjlJCCiQlqPcHGVw5rw:1o2TLe:XJQLK3DQNgucKE4LdBf-lf49oBU2a9bbS9H4vc1TqUg", "expire_date": "2022-07-02T07:58:26.246Z"}}, {"model": "sessions.session", "pk": "gwfs7jk8lmuudzdvb1otfdabyts9h4hu", "fields": {"session_data": ".eJxVjE0OwiAYBe_C2hAoBYpL956BfH_YqqFJaVfGu2uTLnT7Zua9VIZtHfPWZMkTq7Oy6vS7IdBD6g74DvU2a5rrukyod0UftOnrzPK8HO7fwQht_NaeLFuMHoiHkrhAtM7DwEZ6R8SGu46pL9IFwYTRFUIxjlJCCiQlqPcHGVw5rw:1nyyQQ:sAnpR8NHLp4wwiwGleBd5addRTPKoyFnfNF9sb2YYq8", "expire_date": "2022-06-22T16:20:54.447Z"}}, {"model": "sessions.session", "pk": "l3rmk5vf6h5agnwr1izn8x96bmtorv17", "fields": {"session_data": ".eJxVjE0OwiAYBe_C2hAoBYpL956BfH_YqqFJaVfGu2uTLnT7Zua9VIZtHfPWZMkTq7Oy6vS7IdBD6g74DvU2a5rrukyod0UftOnrzPK8HO7fwQht_NaeLFuMHoiHkrhAtM7DwEZ6R8SGu46pL9IFwYTRFUIxjlJCCiQlqPcHGVw5rw:1nxjOr:rD7aoEsv4pL9lwQSdETYZKCt32XQaaIWe690tXCPqQs", "expire_date": "2022-06-19T06:06:09.259Z"}}, {"model": "sessions.session", "pk": "lh86h9uowtpkxh6l1yv5ovd4cnsoiy82", "fields": {"session_data": ".eJxVjE0OwiAYBe_C2hAoBYpL956BfH_YqqFJaVfGu2uTLnT7Zua9VIZtHfPWZMkTq7Oy6vS7IdBD6g74DvU2a5rrukyod0UftOnrzPK8HO7fwQht_NaeLFuMHoiHkrhAtM7DwEZ6R8SGu46pL9IFwYTRFUIxjlJCCiQlqPcHGVw5rw:1nxlCQ:IB35h7dgTbDg1nIFSC3sr543nbUeL3Xu6lF1eCfx6NE", "expire_date": "2022-06-19T08:01:26.455Z"}}, {"model": "captcha.captchastore", "pk": 87, "fields": {"challenge": "IWUN", "response": "iwun", "hashkey": "cad6957987ddbc91462199b1bccbf54bae629fcc", "expiration": "2022-06-08T05:26:36.616Z"}}, {"model": "captcha.captchastore", "pk": 88, "fields": {"challenge": "FLZM", "response": "flzm", "hashkey": "c185b89aff1a74827e9934b5936007766266c2de", "expiration": "2022-06-08T05:27:11.939Z"}}, {"model": "captcha.captchastore", "pk": 89, "fields": {"challenge": "ACNV", "response": "acnv", "hashkey": "333b6ab4f01dcf73ee8f36e94af96918ce0c8926", "expiration": "2022-06-08T05:27:20.702Z"}}, {"model": "captcha.captchastore", "pk": 90, "fields": {"challenge": "DDQO", "response": "ddqo", "hashkey": "0387fd4dc44a18408725adb19efe682a0cf3f428", "expiration": "2022-06-08T05:32:10.402Z"}}, {"model": "captcha.captchastore", "pk": 91, "fields": {"challenge": "BHKG", "response": "bhkg", "hashkey": "f49c8fb888053cb80017cdd43b8a40b5a8d7033b", "expiration": "2022-06-08T05:32:23.249Z"}}, {"model": "captcha.captchastore", "pk": 92, "fields": {"challenge": "AXCB", "response": "axcb", "hashkey": "99b96b538551d1f45caa6081ea701b1c17b5e9f8", "expiration": "2022-06-08T05:35:34.078Z"}}, {"model": "captcha.captchastore", "pk": 93, "fields": {"challenge": "QVNO", "response": "qvno", "hashkey": "5bcd6af182b43c1cccfda0dd1befa16e8e049fed", "expiration": "2022-06-08T05:35:34.942Z"}}, {"model": "captcha.captchastore", "pk": 94, "fields": {"challenge": "HUWK", "response": "huwk", "hashkey": "f958cf2e66450df001d27419cfd8d888dabc34f8", "expiration": "2022-06-08T05:35:36.334Z"}}, {"model": "captcha.captchastore", "pk": 95, "fields": {"challenge": "PFVM", "response": "pfvm", "hashkey": "03b494aca06c3f9577a97090c807feaed1e72676", "expiration": "2022-06-08T05:36:02.982Z"}}, {"model": "captcha.captchastore", "pk": 96, "fields": {"challenge": "ULKT", "response": "ulkt", "hashkey": "ac7c3eb2f83f9fa79882f663a6f965d84700a95c", "expiration": "2022-06-08T05:36:03.913Z"}}, {"model": "captcha.captchastore", "pk": 97, "fields": {"challenge": "PUVF", "response": "puvf", "hashkey": "203a5098766aea570de2c06752c1dd43567cf3d1", "expiration": "2022-06-08T05:36:14.493Z"}}, {"model": "captcha.captchastore", "pk": 98, "fields": {"challenge": "FVOW", "response": "fvow", "hashkey": "6c45e6e5ecd11927fabd268ffc04baa27cc65165", "expiration": "2022-06-08T05:36:51.430Z"}}, {"model": "captcha.captchastore", "pk": 99, "fields": {"challenge": "BJLA", "response": "bjla", "hashkey": "fcc24ae2e676bbe374fc0c481ace632435ebaea2", "expiration": "2022-06-08T05:37:07.016Z"}}, {"model": "captcha.captchastore", "pk": 100, "fields": {"challenge": "WYTX", "response": "wytx", "hashkey": "1dd6502cd86f98b0b951767ad97de504b3bf12dd", "expiration": "2022-06-08T05:37:27.682Z"}}, {"model": "captcha.captchastore", "pk": 101, "fields": {"challenge": "XDSC", "response": "xdsc", "hashkey": "91d57af4aff011b9bd36a07cf912e5441facb921", "expiration": "2022-06-08T05:39:24.399Z"}}, {"model": "captcha.captchastore", "pk": 102, "fields": {"challenge": "DXWN", "response": "dxwn", "hashkey": "99665f737f592780f9e2784c7d7c1f4459922af3", "expiration": "2022-06-08T05:39:25.723Z"}}, {"model": "captcha.captchastore", "pk": 103, "fields": {"challenge": "QMID", "response": "qmid", "hashkey": "a9c8226bb72df2e7d9ff74ebb5f617c9fb73e20b", "expiration": "2022-06-08T05:39:35.409Z"}}, {"model": "captcha.captchastore", "pk": 104, "fields": {"challenge": "NRBZ", "response": "nrbz", "hashkey": "638c7f3ff00aee731c4ccc7f6533fcb7ffa5680a", "expiration": "2022-06-08T05:39:39.793Z"}}, {"model": "captcha.captchastore", "pk": 105, "fields": {"challenge": "SVDV", "response": "svdv", "hashkey": "ac6156e6923d5a52d25ddce1f0c3733f5ae829a9", "expiration": "2022-06-08T05:39:40.638Z"}}, {"model": "captcha.captchastore", "pk": 106, "fields": {"challenge": "OKBI", "response": "okbi", "hashkey": "cb0496240acadb4f01a7a2f13c5e140d4489c874", "expiration": "2022-06-08T05:39:41.509Z"}}, {"model": "captcha.captchastore", "pk": 107, "fields": {"challenge": "AKLI", "response": "akli", "hashkey": "e66372fee3bd69e08f1538894b9ce7572061976d", "expiration": "2022-06-08T05:40:12.008Z"}}, {"model": "captcha.captchastore", "pk": 108, "fields": {"challenge": "HOPG", "response": "hopg", "hashkey": "0c0077e02073da9215b57fcb3ddd1316fc96b08c", "expiration": "2022-06-08T05:40:26.711Z"}}, {"model": "captcha.captchastore", "pk": 109, "fields": {"challenge": "XRXZ", "response": "xrxz", "hashkey": "fed557a1ed1f6face7434e83a216d1e13dd66f32", "expiration": "2022-06-08T05:40:40.185Z"}}, {"model": "captcha.captchastore", "pk": 110, "fields": {"challenge": "EWMP", "response": "ewmp", "hashkey": "fa24fb12656e024d6058d6e99a6917d4fd26ab14", "expiration": "2022-06-08T05:40:46.743Z"}}, {"model": "captcha.captchastore", "pk": 111, "fields": {"challenge": "GGMO", "response": "ggmo", "hashkey": "915bcd180d4972be7a4a27441786ecd700420a45", "expiration": "2022-06-08T05:40:53.794Z"}}, {"model": "captcha.captchastore", "pk": 112, "fields": {"challenge": "NENG", "response": "neng", "hashkey": "8d3af35b6ea3c1b3ebe1b5f2a0dac5fb7870d00a", "expiration": "2022-06-08T05:40:57.214Z"}}, {"model": "captcha.captchastore", "pk": 113, "fields": {"challenge": "BART", "response": "bart", "hashkey": "2afb78c33d6751dd910bf946ba128485903503d1", "expiration": "2022-06-08T05:42:34.916Z"}}, {"model": "captcha.captchastore", "pk": 114, "fields": {"challenge": "CUUW", "response": "cuuw", "hashkey": "2d0b2955ed6fcef00e5bda55b16d05abd38c0978", "expiration": "2022-06-08T05:42:37.299Z"}}, {"model": "captcha.captchastore", "pk": 115, "fields": {"challenge": "DNPT", "response": "dnpt", "hashkey": "4298fec48c4d09fc4c49739e5393fae6c31f0ae9", "expiration": "2022-06-08T05:45:52.387Z"}}, {"model": "captcha.captchastore", "pk": 116, "fields": {"challenge": "OKME", "response": "okme", "hashkey": "54e1dcea399a3ea216a28ce9c70588f2bf6ce463", "expiration": "2022-06-08T05:46:05.594Z"}}, {"model": "captcha.captchastore", "pk": 117, "fields": {"challenge": "FTPZ", "response": "ftpz", "hashkey": "eff4659d0a43f662c5d9d4483a9fd325fbc71a01", "expiration": "2022-06-08T05:46:42.677Z"}}, {"model": "captcha.captchastore", "pk": 118, "fields": {"challenge": "CXNT", "response": "cxnt", "hashkey": "d942adef17011622b8af59b71d472b87845786f6", "expiration": "2022-06-08T05:50:01.026Z"}}, {"model": "captcha.captchastore", "pk": 119, "fields": {"challenge": "DXGQ", "response": "dxgq", "hashkey": "94bbf11955bac4aed888cd509d11b07338d16ddf", "expiration": "2022-06-08T05:50:02.891Z"}}, {"model": "captcha.captchastore", "pk": 120, "fields": {"challenge": "QBXJ", "response": "qbxj", "hashkey": "94834b9f6586f03656e8f1260dbb443b50732ef1", "expiration": "2022-06-08T05:50:07.862Z"}}, {"model": "captcha.captchastore", "pk": 121, "fields": {"challenge": "HQGI", "response": "hqgi", "hashkey": "4bef1d00b1a2b58360dec55a12b1b0e786b6ae95", "expiration": "2022-06-08T05:50:08.763Z"}}, {"model": "captcha.captchastore", "pk": 122, "fields": {"challenge": "EJJQ", "response": "ejjq", "hashkey": "caf295130121a20a9ab5b80bd3e33253328dab57", "expiration": "2022-06-08T05:50:19.892Z"}}, {"model": "captcha.captchastore", "pk": 123, "fields": {"challenge": "YROF", "response": "yrof", "hashkey": "9d2444d95a3379e93205ac409cef9fac5aa4f28e", "expiration": "2022-06-08T05:50:20.827Z"}}, {"model": "captcha.captchastore", "pk": 124, "fields": {"challenge": "DXCS", "response": "dxcs", "hashkey": "5efc7d40ba4514b3bb77fbf02d5c5638ae6a973c", "expiration": "2022-06-08T05:50:27.456Z"}}, {"model": "captcha.captchastore", "pk": 125, "fields": {"challenge": "MRAC", "response": "mrac", "hashkey": "83a792f115507417bc1289c6c919233637059a94", "expiration": "2022-06-08T05:50:28.059Z"}}, {"model": "captcha.captchastore", "pk": 126, "fields": {"challenge": "MQGX", "response": "mqgx", "hashkey": "22c3986e8aab2027e8c67f47064bdfc10365a0fa", "expiration": "2022-06-08T05:50:28.635Z"}}, {"model": "captcha.captchastore", "pk": 127, "fields": {"challenge": "KHDP", "response": "khdp", "hashkey": "450091ee57bc935bfebbf39d949b3b1bb775bf68", "expiration": "2022-06-08T05:50:32.836Z"}}, {"model": "captcha.captchastore", "pk": 128, "fields": {"challenge": "FBKR", "response": "fbkr", "hashkey": "dabb79d854eea43163ad8d1f74686b0018507800", "expiration": "2022-06-08T05:51:05.587Z"}}, {"model": "captcha.captchastore", "pk": 129, "fields": {"challenge": "NVEA", "response": "nvea", "hashkey": "7dd305f038d831a46c0cfc781f50829d47e0b4fb", "expiration": "2022-06-08T05:51:06.697Z"}}, {"model": "captcha.captchastore", "pk": 130, "fields": {"challenge": "HMEJ", "response": "hmej", "hashkey": "caabb6383f72a3d64ee0d20fff16b1cb55e7083a", "expiration": "2022-06-08T05:51:15.606Z"}}, {"model": "captcha.captchastore", "pk": 131, "fields": {"challenge": "QFPY", "response": "qfpy", "hashkey": "794d37ccf17070b83abe29f71482c9c11c752ba7", "expiration": "2022-06-08T05:51:16.598Z"}}, {"model": "captcha.captchastore", "pk": 132, "fields": {"challenge": "CLLO", "response": "cllo", "hashkey": "0fa4eb123f4749dbe22027c64f42b4ca517712e8", "expiration": "2022-06-08T05:51:52.538Z"}}, {"model": "captcha.captchastore", "pk": 133, "fields": {"challenge": "EXFU", "response": "exfu", "hashkey": "543fde916e09397848f731492dcedfb2bd18b283", "expiration": "2022-06-08T05:51:53.744Z"}}, {"model": "captcha.captchastore", "pk": 134, "fields": {"challenge": "ISUI", "response": "isui", "hashkey": "14dac955fcd39dd7cb3657c04758edcaccaa4d64", "expiration": "2022-06-08T05:51:55.489Z"}}, {"model": "captcha.captchastore", "pk": 135, "fields": {"challenge": "ZFLZ", "response": "zflz", "hashkey": "1e8bf46ef82184ad5c728ae44c14c5008d58766a", "expiration": "2022-06-08T05:51:58.641Z"}}, {"model": "captcha.captchastore", "pk": 136, "fields": {"challenge": "JIEW", "response": "jiew", "hashkey": "66cfbf76b75b11b7f72b6ffbe2eca410f6d09b69", "expiration": "2022-06-08T05:52:02.381Z"}}, {"model": "captcha.captchastore", "pk": 137, "fields": {"challenge": "NOLI", "response": "noli", "hashkey": "a4e1d1450b5fbd09a2171c93c47bab00e14a2ecf", "expiration": "2022-06-08T05:52:03.425Z"}}, {"model": "captcha.captchastore", "pk": 138, "fields": {"challenge": "QNPD", "response": "qnpd", "hashkey": "ae322a7d27c2fe361caa086616eadf0c7e971808", "expiration": "2022-06-08T05:52:07.073Z"}}, {"model": "captcha.captchastore", "pk": 139, "fields": {"challenge": "QYVZ", "response": "qyvz", "hashkey": "c7843e58dea165fbefdcfb9a42d02925a4243bac", "expiration": "2022-06-08T05:52:30.534Z"}}, {"model": "captcha.captchastore", "pk": 140, "fields": {"challenge": "ERNE", "response": "erne", "hashkey": "8aa76b4308a8a3509db17c775666c331c58fbea9", "expiration": "2022-06-08T05:52:31.380Z"}}, {"model": "captcha.captchastore", "pk": 141, "fields": {"challenge": "MSHF", "response": "mshf", "hashkey": "0b339f4e2ec63a24e1a54c2f8c92e78bbcddbbe5", "expiration": "2022-06-08T05:57:15.225Z"}}, {"model": "captcha.captchastore", "pk": 142, "fields": {"challenge": "OROS", "response": "oros", "hashkey": "a509ad82a0905aae4b33c48bbe744c2d1c774c82", "expiration": "2022-06-08T05:57:42.628Z"}}, {"model": "captcha.captchastore", "pk": 143, "fields": {"challenge": "LNSX", "response": "lnsx", "hashkey": "8012a719adf9e6595633378f336ded4305ec302b", "expiration": "2022-06-08T05:59:53.925Z"}}, {"model": "captcha.captchastore", "pk": 144, "fields": {"challenge": "DMAX", "response": "dmax", "hashkey": "edf0f920627867ad5df52f5d7789ecf450f27271", "expiration": "2022-06-08T05:59:55.075Z"}}, {"model": "captcha.captchastore", "pk": 145, "fields": {"challenge": "UJWD", "response": "ujwd", "hashkey": "f844a5b31c81efc140bdad5eb7e054daba922dfb", "expiration": "2022-06-08T06:00:09.112Z"}}, {"model": "captcha.captchastore", "pk": 146, "fields": {"challenge": "KDSP", "response": "kdsp", "hashkey": "a9b8396697d94d4259c176e28e9eb861818d5a75", "expiration": "2022-06-08T06:00:24.299Z"}}, {"model": "captcha.captchastore", "pk": 147, "fields": {"challenge": "GRHH", "response": "grhh", "hashkey": "31a834f098a8d5eaf5371497fd38f43015eb46d4", "expiration": "2022-06-08T06:00:25.596Z"}}, {"model": "captcha.captchastore", "pk": 148, "fields": {"challenge": "CTRD", "response": "ctrd", "hashkey": "e382db49fb60964ed94547da187e38d8e03332bb", "expiration": "2022-06-08T06:00:26.737Z"}}, {"model": "captcha.captchastore", "pk": 149, "fields": {"challenge": "RKQF", "response": "rkqf", "hashkey": "5b8b542e5304f3703ea390fe152210f815ae015c", "expiration": "2022-06-08T06:00:52.861Z"}}, {"model": "captcha.captchastore", "pk": 150, "fields": {"challenge": "PKGL", "response": "pkgl", "hashkey": "060b3fc084ec23df55936ba3f3712f4764368f64", "expiration": "2022-06-08T06:00:55.263Z"}}, {"model": "captcha.captchastore", "pk": 151, "fields": {"challenge": "AGPI", "response": "agpi", "hashkey": "e42b7c3266a92ddd1018d08b385fa49b298722b8", "expiration": "2022-06-08T06:01:09.365Z"}}, {"model": "captcha.captchastore", "pk": 152, "fields": {"challenge": "IMBG", "response": "imbg", "hashkey": "bc2b9e4e3112aec6c5f57fee256819a9c5b4f382", "expiration": "2022-06-08T06:01:11.244Z"}}, {"model": "captcha.captchastore", "pk": 153, "fields": {"challenge": "HMJZ", "response": "hmjz", "hashkey": "cdbb5bee0a37b3f8b31c5b94c3141bd064363d6a", "expiration": "2022-06-08T06:01:25.190Z"}}, {"model": "captcha.captchastore", "pk": 154, "fields": {"challenge": "NZWI", "response": "nzwi", "hashkey": "2df800967de36370f09ee643d4d649686bb3229a", "expiration": "2022-06-08T06:01:57.041Z"}}, {"model": "captcha.captchastore", "pk": 155, "fields": {"challenge": "TBIK", "response": "tbik", "hashkey": "b89ae0a3c8ca8d56ba95164f46dbd6137e008e13", "expiration": "2022-06-08T06:01:58.121Z"}}, {"model": "captcha.captchastore", "pk": 156, "fields": {"challenge": "CGPG", "response": "cgpg", "hashkey": "3bfacb7bc15c11b12e9a27ecdc564bec8c162de1", "expiration": "2022-06-08T06:02:59.995Z"}}, {"model": "captcha.captchastore", "pk": 157, "fields": {"challenge": "WHRZ", "response": "whrz", "hashkey": "c00886d46191cf1b1d4331e6a9c786e781ee107a", "expiration": "2022-06-08T06:03:04.222Z"}}, {"model": "captcha.captchastore", "pk": 158, "fields": {"challenge": "EBJA", "response": "ebja", "hashkey": "cd82b2f02ae7945e4539ab1429fccf944d420d3d", "expiration": "2022-06-08T06:03:28.582Z"}}, {"model": "captcha.captchastore", "pk": 159, "fields": {"challenge": "FJZR", "response": "fjzr", "hashkey": "1619d64aee1a508dd76daa182d94d34d0c502895", "expiration": "2022-06-08T06:03:29.566Z"}}, {"model": "captcha.captchastore", "pk": 160, "fields": {"challenge": "MJJX", "response": "mjjx", "hashkey": "16664fc0fe4c7fa70d73e72d65f091a11dae20ca", "expiration": "2022-06-08T06:03:35.682Z"}}, {"model": "captcha.captchastore", "pk": 161, "fields": {"challenge": "GSBT", "response": "gsbt", "hashkey": "1402138d457a815e74e1dfa9241bf498a5110514", "expiration": "2022-06-08T06:03:45.974Z"}}, {"model": "captcha.captchastore", "pk": 162, "fields": {"challenge": "UJJZ", "response": "ujjz", "hashkey": "fe3988c8230ee9d889003e0739db0ca4f46c4c2c", "expiration": "2022-06-08T06:03:47.048Z"}}, {"model": "captcha.captchastore", "pk": 163, "fields": {"challenge": "XRTE", "response": "xrte", "hashkey": "f71b70d36f6a37bf412ad2086a2776fa825af19f", "expiration": "2022-06-08T06:03:59.800Z"}}, {"model": "captcha.captchastore", "pk": 164, "fields": {"challenge": "ZIBL", "response": "zibl", "hashkey": "55322693db392902f6c0bbc826256e177e8a8fc5", "expiration": "2022-06-08T06:04:07.628Z"}}, {"model": "captcha.captchastore", "pk": 165, "fields": {"challenge": "LBDX", "response": "lbdx", "hashkey": "8521989b16c00edfb69b5ac23b57c70d3e5087bd", "expiration": "2022-06-08T14:57:04.819Z"}}, {"model": "captcha.captchastore", "pk": 166, "fields": {"challenge": "WFUB", "response": "wfub", "hashkey": "44e7ad001ce81ffbadf3f4cb6cb550721cbc0c1a", "expiration": "2022-06-08T14:57:31.498Z"}}, {"model": "captcha.captchastore", "pk": 167, "fields": {"challenge": "WDHZ", "response": "wdhz", "hashkey": "d6f86edd7c1ec657d44abeebc732c59a43bf82a5", "expiration": "2022-06-08T14:57:36.613Z"}}, {"model": "captcha.captchastore", "pk": 168, "fields": {"challenge": "GQUM", "response": "gqum", "hashkey": "9d6c6767bcbf3451ac651541e1d13b526985996f", "expiration": "2022-06-08T14:58:03.525Z"}}, {"model": "captcha.captchastore", "pk": 169, "fields": {"challenge": "VXXW", "response": "vxxw", "hashkey": "91e7a72018ace6d0f895c09498c8f96f7dcb0c97", "expiration": "2022-06-08T14:58:10.289Z"}}, {"model": "captcha.captchastore", "pk": 170, "fields": {"challenge": "VOCW", "response": "vocw", "hashkey": "55312223edb7f2e1114c2394f54ae1c36fbbd0fe", "expiration": "2022-06-08T14:58:49.508Z"}}, {"model": "captcha.captchastore", "pk": 171, "fields": {"challenge": "KHKX", "response": "khkx", "hashkey": "f8c119649940aef9f9c7e5686c6f9e8f35c8a422", "expiration": "2022-06-08T14:58:58.635Z"}}, {"model": "captcha.captchastore", "pk": 172, "fields": {"challenge": "ZKSY", "response": "zksy", "hashkey": "6bc071f980ad33e4f41604ef8339d255e46693aa", "expiration": "2022-06-08T14:59:18.861Z"}}, {"model": "captcha.captchastore", "pk": 173, "fields": {"challenge": "ERMN", "response": "ermn", "hashkey": "e7cadf8ab92a3d06df289758d7c8371701b29e6f", "expiration": "2022-06-08T14:59:20.185Z"}}, {"model": "captcha.captchastore", "pk": 174, "fields": {"challenge": "QHTZ", "response": "qhtz", "hashkey": "31d3d990341201359680ee03323fe1f0ab69c434", "expiration": "2022-06-08T14:59:43.749Z"}}, {"model": "captcha.captchastore", "pk": 175, "fields": {"challenge": "GEMX", "response": "gemx", "hashkey": "90d414e58643233d75d0b06c6084c4531e01b81d", "expiration": "2022-06-08T14:59:54.103Z"}}, {"model": "captcha.captchastore", "pk": 176, "fields": {"challenge": "JQLM", "response": "jqlm", "hashkey": "a968d5055ab33bb33a340d7f9c6a33a70bb0f9f1", "expiration": "2022-06-08T15:00:25.955Z"}}, {"model": "captcha.captchastore", "pk": 177, "fields": {"challenge": "NEQY", "response": "neqy", "hashkey": "4594dab1d2bc76a0d58766502544247ce1186b53", "expiration": "2022-06-08T15:00:35.751Z"}}, {"model": "captcha.captchastore", "pk": 178, "fields": {"challenge": "ERBR", "response": "erbr", "hashkey": "7d131f9188bf8867c99616084e224314341d4c5d", "expiration": "2022-06-08T15:00:45.531Z"}}, {"model": "captcha.captchastore", "pk": 179, "fields": {"challenge": "KYHM", "response": "kyhm", "hashkey": "8f56b21b514090a68cf6e049dc4830bf7e7aa534", "expiration": "2022-06-08T15:00:53.697Z"}}, {"model": "captcha.captchastore", "pk": 180, "fields": {"challenge": "FAVD", "response": "favd", "hashkey": "cf00d9ec59f1927f985b91a9f574bc9494be6e3e", "expiration": "2022-06-08T15:01:07.229Z"}}, {"model": "captcha.captchastore", "pk": 181, "fields": {"challenge": "XZIH", "response": "xzih", "hashkey": "5931d89884be3d0aceb8287043a2ef67c0312893", "expiration": "2022-06-08T15:01:15.582Z"}}, {"model": "captcha.captchastore", "pk": 182, "fields": {"challenge": "HERW", "response": "herw", "hashkey": "2900e1c3b82216074d62b8da2ab3de0e7921ed1a", "expiration": "2022-06-08T15:01:24.376Z"}}, {"model": "captcha.captchastore", "pk": 183, "fields": {"challenge": "LUPT", "response": "lupt", "hashkey": "6db0e9aab0d60f448064554a5cba96980998b601", "expiration": "2022-06-08T15:01:26.028Z"}}, {"model": "captcha.captchastore", "pk": 184, "fields": {"challenge": "WECN", "response": "wecn", "hashkey": "aa53697a4e27b4d26641cc5436a75aaff8530122", "expiration": "2022-06-08T15:01:27.367Z"}}, {"model": "captcha.captchastore", "pk": 185, "fields": {"challenge": "DCUH", "response": "dcuh", "hashkey": "a5d15582427f69f8eaf3ca8b47c4176f70e378f4", "expiration": "2022-06-08T15:01:29.037Z"}}, {"model": "captcha.captchastore", "pk": 186, "fields": {"challenge": "KVEC", "response": "kvec", "hashkey": "204ab52489259503f7f1d4c7ad1a6c7c53ddeacf", "expiration": "2022-06-08T15:01:34.806Z"}}, {"model": "captcha.captchastore", "pk": 187, "fields": {"challenge": "WCVP", "response": "wcvp", "hashkey": "3fb66327823fca13b0777e36cf27e8565f39f1dc", "expiration": "2022-06-08T15:01:35.822Z"}}, {"model": "captcha.captchastore", "pk": 188, "fields": {"challenge": "TZPJ", "response": "tzpj", "hashkey": "446e1debbd3114fbb4134a6e75636a8e7dd8ce23", "expiration": "2022-06-08T15:01:39.851Z"}}, {"model": "captcha.captchastore", "pk": 189, "fields": {"challenge": "GKKZ", "response": "gkkz", "hashkey": "0549cb8b7c7fdc6f94c58f29fa42e35b68d0d276", "expiration": "2022-06-08T15:02:02.228Z"}}, {"model": "captcha.captchastore", "pk": 190, "fields": {"challenge": "OKEH", "response": "okeh", "hashkey": "95bce2edf237bb3a829f533bafdad5514fd08d0e", "expiration": "2022-06-08T15:02:12.503Z"}}, {"model": "captcha.captchastore", "pk": 191, "fields": {"challenge": "VZWY", "response": "vzwy", "hashkey": "96c6202e7f460fc8b7a6942696315075240e46f8", "expiration": "2022-06-08T15:02:44.580Z"}}, {"model": "captcha.captchastore", "pk": 192, "fields": {"challenge": "MRQF", "response": "mrqf", "hashkey": "9b718adc5a381ef592f8b0468ca5bf492a9627b9", "expiration": "2022-06-08T15:02:45.435Z"}}, {"model": "captcha.captchastore", "pk": 193, "fields": {"challenge": "LWWC", "response": "lwwc", "hashkey": "9816d10867c159381f1d8b608807f8d83fff99cf", "expiration": "2022-06-08T15:02:49.534Z"}}, {"model": "captcha.captchastore", "pk": 194, "fields": {"challenge": "YMIV", "response": "ymiv", "hashkey": "f397a25b99f5d3c03d6f870d6f37f606324d9823", "expiration": "2022-06-08T15:02:51.326Z"}}, {"model": "captcha.captchastore", "pk": 195, "fields": {"challenge": "KLRN", "response": "klrn", "hashkey": "b1c54838de879935bf0a86462801fd0e9a255042", "expiration": "2022-06-08T15:03:10.492Z"}}, {"model": "captcha.captchastore", "pk": 196, "fields": {"challenge": "VTWK", "response": "vtwk", "hashkey": "8da09fbc3128d82e75909a5380ddf952369e62a9", "expiration": "2022-06-08T15:03:27.832Z"}}, {"model": "captcha.captchastore", "pk": 197, "fields": {"challenge": "SBQD", "response": "sbqd", "hashkey": "0ddcd6388a1c4f3e046a4e3889372bba20fec579", "expiration": "2022-06-08T15:03:29.597Z"}}, {"model": "captcha.captchastore", "pk": 198, "fields": {"challenge": "CKXZ", "response": "ckxz", "hashkey": "b9556b65409a1d692920b28b037d8b483f42e511", "expiration": "2022-06-08T15:07:13.228Z"}}, {"model": "captcha.captchastore", "pk": 199, "fields": {"challenge": "VYKC", "response": "vykc", "hashkey": "59baeddf366f41445b5405db37cf7a1c17e4f4a6", "expiration": "2022-06-08T15:07:34.035Z"}}, {"model": "captcha.captchastore", "pk": 200, "fields": {"challenge": "LGFF", "response": "lgff", "hashkey": "b173fded37eced079d289bec2636936766cd24d2", "expiration": "2022-06-08T15:07:36.098Z"}}, {"model": "captcha.captchastore", "pk": 201, "fields": {"challenge": "QRJJ", "response": "qrjj", "hashkey": "3dc2ae87e8177027c3747b168d6deea9f13821b4", "expiration": "2022-06-08T15:08:00.783Z"}}, {"model": "captcha.captchastore", "pk": 202, "fields": {"challenge": "DYNZ", "response": "dynz", "hashkey": "c34acea942ef6a46337d2c6758fce2247160b739", "expiration": "2022-06-08T15:08:01.638Z"}}, {"model": "captcha.captchastore", "pk": 203, "fields": {"challenge": "SRTN", "response": "srtn", "hashkey": "cb139e40a7d47be4a98447bb40272b1852cc6eee", "expiration": "2022-06-08T15:19:24.281Z"}}, {"model": "captcha.captchastore", "pk": 204, "fields": {"challenge": "WHVG", "response": "whvg", "hashkey": "8218a72f5595d833b0657b849ff6a942368334b5", "expiration": "2022-06-08T15:20:48.996Z"}}, {"model": "captcha.captchastore", "pk": 205, "fields": {"challenge": "UKKF", "response": "ukkf", "hashkey": "fff867a1bdca0d2a6c947c892a183361885cfed1", "expiration": "2022-06-08T15:21:52.935Z"}}, {"model": "captcha.captchastore", "pk": 206, "fields": {"challenge": "HOGZ", "response": "hogz", "hashkey": "16bb17a528a3dae8b84150e489a049320d937fed", "expiration": "2022-06-08T15:35:19.832Z"}}, {"model": "captcha.captchastore", "pk": 207, "fields": {"challenge": "QBTY", "response": "qbty", "hashkey": "1f551e36ea125763c0270900698f4310b580db54", "expiration": "2022-06-08T15:40:12.626Z"}}, {"model": "captcha.captchastore", "pk": 208, "fields": {"challenge": "VSXH", "response": "vsxh", "hashkey": "8b513c9069a8a590ca4301b78885b66544b55e32", "expiration": "2022-06-08T15:40:18.406Z"}}, {"model": "captcha.captchastore", "pk": 209, "fields": {"challenge": "TYOM", "response": "tyom", "hashkey": "b3a2a2f6fe83948dcc88a76fe2551331c2c50917", "expiration": "2022-06-08T15:40:19.601Z"}}, {"model": "captcha.captchastore", "pk": 210, "fields": {"challenge": "TUWE", "response": "tuwe", "hashkey": "874e5c04bed21da3f8c416cc498131837cdcb0a1", "expiration": "2022-06-08T15:40:20.429Z"}}, {"model": "captcha.captchastore", "pk": 211, "fields": {"challenge": "QQLQ", "response": "qqlq", "hashkey": "cd5fc83764c4167c46f8b94083b22e0ff9eb8e04", "expiration": "2022-06-08T15:41:04.819Z"}}, {"model": "captcha.captchastore", "pk": 212, "fields": {"challenge": "ZNBU", "response": "znbu", "hashkey": "21b57b0ae86fe306844ce8d9214cecb4127c7797", "expiration": "2022-06-08T15:41:05.595Z"}}, {"model": "captcha.captchastore", "pk": 213, "fields": {"challenge": "QBAE", "response": "qbae", "hashkey": "58342826516cbd07bc395574b39e406584e209b4", "expiration": "2022-06-08T15:41:10.540Z"}}, {"model": "captcha.captchastore", "pk": 214, "fields": {"challenge": "QSKO", "response": "qsko", "hashkey": "07e4150cf8d64cc24ad027d22a4bb2e9b60f3c9e", "expiration": "2022-06-08T15:41:11.339Z"}}, {"model": "captcha.captchastore", "pk": 215, "fields": {"challenge": "SOWJ", "response": "sowj", "hashkey": "752d802267271f58b21ac174112056e95ba64b17", "expiration": "2022-06-08T15:41:12.194Z"}}, {"model": "captcha.captchastore", "pk": 216, "fields": {"challenge": "ITWY", "response": "itwy", "hashkey": "d7ae77a1fce308027d314d8b8d03f16485ea4545", "expiration": "2022-06-08T15:41:57.762Z"}}, {"model": "captcha.captchastore", "pk": 217, "fields": {"challenge": "STEX", "response": "stex", "hashkey": "f2cebf5d05893e181fab9495f32e9313999ebb85", "expiration": "2022-06-08T15:42:04.703Z"}}, {"model": "captcha.captchastore", "pk": 218, "fields": {"challenge": "BWTD", "response": "bwtd", "hashkey": "6dbaa51d6cf3be1f43df0de0f35450d865cf573a", "expiration": "2022-06-08T15:42:11.462Z"}}, {"model": "captcha.captchastore", "pk": 219, "fields": {"challenge": "DGXF", "response": "dgxf", "hashkey": "6b12ecef0e0314635c4d263f0f77e48e6101268f", "expiration": "2022-06-08T15:44:55.181Z"}}, {"model": "captcha.captchastore", "pk": 220, "fields": {"challenge": "NSVI", "response": "nsvi", "hashkey": "3981c6ae4a874f410812b9a5fbd38aaadf2025ec", "expiration": "2022-06-08T15:45:11.190Z"}}, {"model": "captcha.captchastore", "pk": 221, "fields": {"challenge": "CCIY", "response": "cciy", "hashkey": "ca7c826e6ec05854c26638026cf813da48b7022c", "expiration": "2022-06-08T15:45:38.674Z"}}, {"model": "captcha.captchastore", "pk": 222, "fields": {"challenge": "DFXR", "response": "dfxr", "hashkey": "b41acccc654ce2f54ba6920dfd501b35f3708fee", "expiration": "2022-06-08T15:47:44.876Z"}}, {"model": "captcha.captchastore", "pk": 223, "fields": {"challenge": "VFBE", "response": "vfbe", "hashkey": "9d580d82efcec11c3e7844650de39fc3859caf52", "expiration": "2022-06-08T15:48:00.612Z"}}, {"model": "captcha.captchastore", "pk": 224, "fields": {"challenge": "NRGT", "response": "nrgt", "hashkey": "d3b8ac81762cc7233f8c436536c779a400ce7633", "expiration": "2022-06-08T15:49:14.100Z"}}, {"model": "captcha.captchastore", "pk": 225, "fields": {"challenge": "EEAZ", "response": "eeaz", "hashkey": "c5e2aa8f41c634b8447d62f4f5d1ce89f9ba5099", "expiration": "2022-06-08T15:49:15.658Z"}}, {"model": "captcha.captchastore", "pk": 226, "fields": {"challenge": "KEEF", "response": "keef", "hashkey": "8e8f46f6ddd356584a0c1a0bd02edc30bd45aa10", "expiration": "2022-06-08T15:50:22.467Z"}}, {"model": "captcha.captchastore", "pk": 227, "fields": {"challenge": "NRRL", "response": "nrrl", "hashkey": "6c789edb9d7bbd240e5e3b30e3eed3c6eeda0238", "expiration": "2022-06-08T15:51:15.869Z"}}, {"model": "captcha.captchastore", "pk": 228, "fields": {"challenge": "JQOR", "response": "jqor", "hashkey": "eeb0b66dd927ee714cdaa1017b5872a6ed8e64a1", "expiration": "2022-06-08T15:51:57.282Z"}}, {"model": "captcha.captchastore", "pk": 229, "fields": {"challenge": "YDJM", "response": "ydjm", "hashkey": "c067f3859b241b52c60129ab88363c1615241e76", "expiration": "2022-06-08T15:52:00.672Z"}}, {"model": "captcha.captchastore", "pk": 230, "fields": {"challenge": "RNZB", "response": "rnzb", "hashkey": "ef3d10575a46beddaac359c5b0d74c4cc9c3969f", "expiration": "2022-06-08T15:52:01.914Z"}}, {"model": "captcha.captchastore", "pk": 231, "fields": {"challenge": "SWPU", "response": "swpu", "hashkey": "c7a4565b742bd730fa951805a64e68e6dc94c748", "expiration": "2022-06-08T15:52:46.974Z"}}, {"model": "captcha.captchastore", "pk": 232, "fields": {"challenge": "TOAQ", "response": "toaq", "hashkey": "098f8cd1f84b7d94e1cb7f354612d46a7676ee8b", "expiration": "2022-06-08T15:52:52.294Z"}}, {"model": "captcha.captchastore", "pk": 233, "fields": {"challenge": "BTEJ", "response": "btej", "hashkey": "f83833b72d1c04ae49efa14730142448a8ec1d20", "expiration": "2022-06-08T15:54:22.023Z"}}, {"model": "captcha.captchastore", "pk": 234, "fields": {"challenge": "EFVJ", "response": "efvj", "hashkey": "9b37b00b235a97257d64aef6d297de2a8572d5f2", "expiration": "2022-06-08T15:54:26.068Z"}}, {"model": "captcha.captchastore", "pk": 235, "fields": {"challenge": "DFTA", "response": "dfta", "hashkey": "05e1444efe487dd9798f1bf141e80766125da9cf", "expiration": "2022-06-08T15:56:01.129Z"}}, {"model": "captcha.captchastore", "pk": 236, "fields": {"challenge": "EDVJ", "response": "edvj", "hashkey": "06a03b24ce9da241019d19b4b8de31b6cba9be5c", "expiration": "2022-06-08T15:56:29.814Z"}}, {"model": "captcha.captchastore", "pk": 237, "fields": {"challenge": "JXST", "response": "jxst", "hashkey": "fcee144726c4a03be9f99c6f808812fb54359f6f", "expiration": "2022-06-08T15:56:31.017Z"}}, {"model": "captcha.captchastore", "pk": 238, "fields": {"challenge": "MUDP", "response": "mudp", "hashkey": "7428b834956b0897f5bfbca88838088ed51a72d6", "expiration": "2022-06-08T15:56:32.012Z"}}, {"model": "captcha.captchastore", "pk": 239, "fields": {"challenge": "PQPL", "response": "pqpl", "hashkey": "1cf2fb6a0aac57cc5eaad8e5575a0abdfbd5df47", "expiration": "2022-06-08T15:56:34.222Z"}}, {"model": "captcha.captchastore", "pk": 240, "fields": {"challenge": "NJTK", "response": "njtk", "hashkey": "8041b5738e102c123f3d678c8917ba7c1f3d80d8", "expiration": "2022-06-08T15:56:59.275Z"}}, {"model": "captcha.captchastore", "pk": 241, "fields": {"challenge": "UMHM", "response": "umhm", "hashkey": "5bd0791b61d36747c9fe4756e41c571031f1ff8d", "expiration": "2022-06-08T15:57:03.206Z"}}, {"model": "captcha.captchastore", "pk": 242, "fields": {"challenge": "AJHX", "response": "ajhx", "hashkey": "4bc3488d92d8e70922e13c72c8796ad8076c1fde", "expiration": "2022-06-08T15:57:04.193Z"}}, {"model": "captcha.captchastore", "pk": 243, "fields": {"challenge": "ZBDJ", "response": "zbdj", "hashkey": "d4d4e5eb36001a47e539c86d2efe49c18e8200c8", "expiration": "2022-06-08T15:57:51.791Z"}}, {"model": "captcha.captchastore", "pk": 244, "fields": {"challenge": "LZIT", "response": "lzit", "hashkey": "dca42b83ea0a6765d01449e0fccd59a48bb2e666", "expiration": "2022-06-08T15:58:34.839Z"}}, {"model": "captcha.captchastore", "pk": 245, "fields": {"challenge": "OJDW", "response": "ojdw", "hashkey": "f1846dfc2ac691512bd77074ebef2b6bb0576662", "expiration": "2022-06-08T15:59:15.313Z"}}, {"model": "captcha.captchastore", "pk": 246, "fields": {"challenge": "CZJA", "response": "czja", "hashkey": "5418c3c0dc616db3d8008c9e1dac4c3d57655d63", "expiration": "2022-06-08T15:59:18.245Z"}}, {"model": "captcha.captchastore", "pk": 247, "fields": {"challenge": "DBGI", "response": "dbgi", "hashkey": "5ec494e534c1d065fde220e629d8912ab1fb4201", "expiration": "2022-06-08T16:01:38.336Z"}}, {"model": "captcha.captchastore", "pk": 248, "fields": {"challenge": "NTHV", "response": "nthv", "hashkey": "beae361f316d504d6840bfb5046f75cdc985de07", "expiration": "2022-06-08T16:01:45.558Z"}}, {"model": "captcha.captchastore", "pk": 249, "fields": {"challenge": "RSEP", "response": "rsep", "hashkey": "f89266279cc39e3741f8878ce22d7ba329b922cd", "expiration": "2022-06-08T16:02:10.963Z"}}, {"model": "captcha.captchastore", "pk": 250, "fields": {"challenge": "TQLQ", "response": "tqlq", "hashkey": "3ccb6dd9192280168d58c857dff3476d87dc5534", "expiration": "2022-06-08T16:02:15.105Z"}}, {"model": "captcha.captchastore", "pk": 251, "fields": {"challenge": "EKLS", "response": "ekls", "hashkey": "19aec081ea3cf048986243e675b3202e740a12c3", "expiration": "2022-06-08T16:02:56.786Z"}}, {"model": "captcha.captchastore", "pk": 252, "fields": {"challenge": "ACSW", "response": "acsw", "hashkey": "66e971dddf0eb9197da3f5841d4430f6f2c3dfbc", "expiration": "2022-06-08T16:03:26.448Z"}}, {"model": "captcha.captchastore", "pk": 253, "fields": {"challenge": "LFSG", "response": "lfsg", "hashkey": "b9f5b96416ca98e9a71ea2ec4062fd265a731197", "expiration": "2022-06-08T16:03:30.401Z"}}, {"model": "captcha.captchastore", "pk": 254, "fields": {"challenge": "CHNH", "response": "chnh", "hashkey": "4cc10b1dd2a39f1d09dce77c9066b1a82b7efd10", "expiration": "2022-06-08T16:03:32.413Z"}}, {"model": "captcha.captchastore", "pk": 255, "fields": {"challenge": "VHIO", "response": "vhio", "hashkey": "5f0db9424a8c6ee6b5f54dbbb948cddca104420c", "expiration": "2022-06-08T16:04:07.670Z"}}, {"model": "captcha.captchastore", "pk": 256, "fields": {"challenge": "XCVM", "response": "xcvm", "hashkey": "7d842b7feb011969d8656fcf2e4d100dbc253fa2", "expiration": "2022-06-08T16:04:19.242Z"}}, {"model": "captcha.captchastore", "pk": 257, "fields": {"challenge": "LHEU", "response": "lheu", "hashkey": "3a8501cfeb28e811c05724443276444dc9b0a742", "expiration": "2022-06-08T16:05:42.441Z"}}, {"model": "captcha.captchastore", "pk": 258, "fields": {"challenge": "HEZW", "response": "hezw", "hashkey": "e20994ea708cf43003093903b8f7c62f9be236e6", "expiration": "2022-06-08T16:08:35.679Z"}}, {"model": "captcha.captchastore", "pk": 259, "fields": {"challenge": "GALZ", "response": "galz", "hashkey": "6323972b14fbfb01854df401f28ba78fb8b7a5b3", "expiration": "2022-06-08T16:24:15.010Z"}}, {"model": "captcha.captchastore", "pk": 260, "fields": {"challenge": "JBBB", "response": "jbbb", "hashkey": "4880b6be1aaa64058eb55e2816d8ead6b911235e", "expiration": "2022-06-08T16:24:17.438Z"}}, {"model": "captcha.captchastore", "pk": 261, "fields": {"challenge": "KBQF", "response": "kbqf", "hashkey": "dca7d7940ce6b5e19073017ffc85f4a8b739e13c", "expiration": "2022-06-08T16:25:33.590Z"}}, {"model": "captcha.captchastore", "pk": 262, "fields": {"challenge": "UZTR", "response": "uztr", "hashkey": "a089e132a4e39c8969a57fdeafec51061e27ced5", "expiration": "2022-06-08T16:27:55.503Z"}}, {"model": "captcha.captchastore", "pk": 263, "fields": {"challenge": "VPDQ", "response": "vpdq", "hashkey": "3dd7a16ea6f2c70491120fa0366350fdcc59c433", "expiration": "2022-06-08T16:27:56.646Z"}}, {"model": "captcha.captchastore", "pk": 264, "fields": {"challenge": "ZGTK", "response": "zgtk", "hashkey": "118d0e9e2c28e3c362e72819af0ea3a599c99d98", "expiration": "2022-06-08T16:31:06.189Z"}}, {"model": "captcha.captchastore", "pk": 265, "fields": {"challenge": "JDST", "response": "jdst", "hashkey": "159607b7e7887819f3f6ee4a38abfa35167c1971", "expiration": "2022-06-08T16:31:24.076Z"}}, {"model": "captcha.captchastore", "pk": 266, "fields": {"challenge": "VSMK", "response": "vsmk", "hashkey": "61a1906dcdaeea8f4d202b0fac5ed1948370790a", "expiration": "2022-06-08T16:32:43.418Z"}}, {"model": "captcha.captchastore", "pk": 267, "fields": {"challenge": "PWVH", "response": "pwvh", "hashkey": "ad33ebb36b86c49fdb5d715ddeb236e5d46caa70", "expiration": "2022-06-08T16:34:09.234Z"}}, {"model": "captcha.captchastore", "pk": 268, "fields": {"challenge": "CTWC", "response": "ctwc", "hashkey": "e6d18811dab5621501c73b1c4e9ec88b0f91d5ee", "expiration": "2022-06-08T16:34:25.155Z"}}, {"model": "captcha.captchastore", "pk": 269, "fields": {"challenge": "XSNT", "response": "xsnt", "hashkey": "01d419759a9506bf1691561b1094dd268e80330f", "expiration": "2022-06-08T16:34:34.311Z"}}, {"model": "captcha.captchastore", "pk": 270, "fields": {"challenge": "IZET", "response": "izet", "hashkey": "ab46bcb87e4b65a7926563a000f411fc7038174c", "expiration": "2022-06-08T16:35:04.253Z"}}, {"model": "captcha.captchastore", "pk": 271, "fields": {"challenge": "SGVA", "response": "sgva", "hashkey": "a1774b39ebe5120de7db4ce5d09742c11abcd817", "expiration": "2022-06-08T16:42:25.519Z"}}, {"model": "captcha.captchastore", "pk": 272, "fields": {"challenge": "UJIZ", "response": "ujiz", "hashkey": "7eeff31bcf5b68b2f0dd96e5c3a007aeee54e3e4", "expiration": "2022-06-08T16:42:58.451Z"}}, {"model": "captcha.captchastore", "pk": 273, "fields": {"challenge": "HCLY", "response": "hcly", "hashkey": "1012201b6a7560436242695a8718d70b9dc80a10", "expiration": "2022-06-08T16:47:52.464Z"}}, {"model": "captcha.captchastore", "pk": 274, "fields": {"challenge": "MWBO", "response": "mwbo", "hashkey": "9e52031ace838c66f9c689f363fb9fd163389ca5", "expiration": "2022-06-08T19:48:11.118Z"}}, {"model": "captcha.captchastore", "pk": 275, "fields": {"challenge": "DYNZ", "response": "dynz", "hashkey": "a9d2eb8ebc0782b9f3d95751422b3e6ff5eef873", "expiration": "2022-06-08T19:48:20.269Z"}}, {"model": "captcha.captchastore", "pk": 276, "fields": {"challenge": "QVKJ", "response": "qvkj", "hashkey": "2c9e0c899b65c4cde63a817e5a90d49d4ed2b5e3", "expiration": "2022-06-08T19:48:28.683Z"}}, {"model": "captcha.captchastore", "pk": 277, "fields": {"challenge": "DIZH", "response": "dizh", "hashkey": "d45f16f503f3a66de726d19b9f0d23b858eb4aa1", "expiration": "2022-06-08T19:48:29.429Z"}}, {"model": "captcha.captchastore", "pk": 278, "fields": {"challenge": "GCGI", "response": "gcgi", "hashkey": "5fe26caf8fe8414a86848ab842533cf1ef5fa70b", "expiration": "2022-06-11T05:04:04.846Z"}}, {"model": "captcha.captchastore", "pk": 279, "fields": {"challenge": "CQFI", "response": "cqfi", "hashkey": "e11b392ff42bdef817306ae1f2b3a077c8c0fb10", "expiration": "2022-06-11T05:04:37.878Z"}}, {"model": "captcha.captchastore", "pk": 280, "fields": {"challenge": "XZUM", "response": "xzum", "hashkey": "60996d1200abef732d597d71a3e4de9e5680b4fb", "expiration": "2022-06-11T05:04:39.602Z"}}, {"model": "captcha.captchastore", "pk": 281, "fields": {"challenge": "GWHK", "response": "gwhk", "hashkey": "7bdc4014160f26be8d97d35fccc307000c3fd60e", "expiration": "2022-06-11T05:05:34.732Z"}}, {"model": "core.feedback", "pk": 1, "fields": {"time_create": "2022-06-05T13:02:49.415Z", "time_update": "2022-06-05T13:02:49.415Z", "description": "qweqw", "category": "Other", "content": "qwe", "age_confirmation": true, "image": "feedback_images/2022/06/05/442-4428823_python-logo-hd-png-download.png", "user": 1}}, {"model": "core.itarea", "pk": 1, "fields": {"name": "Programming"}}, {"model": "core.itarea", "pk": 2, "fields": {"name": "DevOps"}}, {"model": "core.skill", "pk": 1, "fields": {"name": "Python", "slug": "python", "description": "Python is a high-level, interpreted, general-purpose programming language. Its design philosophy emphasizes code readability with the use of significant indentation.\r\nPython is dynamically-typed and garbage-collected. It supports multiple programming paradigms, including structured (particularly procedural), object-oriented and functional programming. It is often described as a \"batteries included\" language due to its comprehensive standard library.\r\n\r\nGuido van Rossum began working on Python in the late 1980s as a successor to the ABC programming language and first released it in 1991 as Python 0.9.0. \r\nPython 2.0 was released in 2000 and introduced new features such as list comprehensions, cycle-detecting garbage collection, reference counting, and Unicode support. Python 3.0, released in 2008, was a major revision that is not completely backward-compatible with earlier versions. Python 2 was discontinued with version 2.7.18 in 2020.", "logo": "photos/2022/06/05/5848152fcef1014c0b5e4967.png", "time_create": "2022-06-05T17:06:33.550Z", "time_update": "2022-06-05T17:06:33.550Z", "is_published": true, "it_area": 1, "work": 1, "user": 1}}, {"model": "core.skill", "pk": 2, "fields": {"name": "Flask", "slug": "flask", "description": "Flask is a micro web framework written in Python. It is classified as a microframework because it does not require particular tools or libraries. It has no database abstraction layer, form validation, or any other components where pre-existing third-party libraries provide common functions. \r\nHowever, Flask supports extensions that can add application features as if they were implemented in Flask itself. Extensions exist for object-relational mappers, form validation, upload handling, various open authentication technologies and several common framework related tools.\r\nApplications that use the Flask framework include Pinterest and LinkedIn.", "logo": "photos/2022/06/06/output-onlinepngtools-20.png", "time_create": "2022-06-05T17:27:49.612Z", "time_update": "2022-06-06T19:14:26.371Z", "is_published": true, "it_area": 1, "work": 1, "user": 1}}, {"model": "core.skill", "pk": 3, "fields": {"name": "Flask-admin", "slug": "flask-admin", "description": "In a world of micro-services and APIs, Flask-Admin solves the boring problem of building an admin interface on top of an existing data model. With little effort, it lets you manage your web service’s data through a user-friendly interface.\r\n\r\nHow does it work? The basic concept behind Flask-Admin, is that it lets you build complicated interfaces by grouping individual views together in classes: Each web page you see on the frontend, represents a method on a class that has explicitly been added to the interface.", "logo": "photos/2022/06/05/flask-admin.png", "time_create": "2022-06-05T17:40:50.801Z", "time_update": "2022-06-05T17:40:50.801Z", "is_published": true, "it_area": 1, "work": 1, "user": 1}}, {"model": "core.skill", "pk": 4, "fields": {"name": "Django", "slug": "django", "description": "Django  is a Python-based web framework, free and open-source, that follows the model–template–views (MTV) architectural pattern. It is maintained by the Django Software Foundation (DSF), an independent organization established in the US as a 501(c)(3) non-profit.\r\n\r\nDjango's primary goal is to ease the creation of complex, database-driven websites. The framework emphasizes reusability and \"pluggability\" of components, less code, low coupling, rapid development, and the principle of don't repeat yourself. Python is used throughout, even for settings, files, and data models. Django also provides an optional administrative create, read, update and delete interface that is generated dynamically through introspection and configured via admin models.", "logo": "photos/2022/06/05/django_11.jpg", "time_create": "2022-06-05T17:45:18.851Z", "time_update": "2022-06-05T17:45:18.851Z", "is_published": true, "it_area": 1, "work": 1, "user": 1}}, {"model": "core.skill", "pk": 5, "fields": {"name": "Django Rest Framework", "slug": "drf", "description": "Django REST framework is a powerful and flexible toolkit for building Web APIs.\r\n\r\nSome reasons you might want to use REST framework:\r\n\r\n - The Web browsable API is a huge usability win for your developers.\r\n - Authentication policies including packages for OAuth1a and OAuth2.\r\n - Serialization that supports both ORM and non-ORM data sources.\r\n - Customizable all the way down - just use regular function-based views if you don't need the more powerful features.\r\n - Extensive documentation, and great community support.\r\n - Used and trusted by internationally recognised companies including Mozilla, Red Hat, Heroku, and Eventbrite.", "logo": "photos/2022/06/18/02O9BE2NAWnS1T821.-2-3.png", "time_create": "2022-06-05T17:49:02.607Z", "time_update": "2022-06-05T17:49:28.792Z", "is_published": true, "it_area": 1, "work": 1, "user": 1}}, {"model": "core.skill", "pk": 6, "fields": {"name": "AioHTTP", "slug": "Aiohttp", "description": "Asynchronous HTTP client/server framework for asyncio and Python", "logo": "photos/2022/06/05/aiohttp.png", "time_create": "2022-06-05T17:54:10.603Z", "time_update": "2022-06-05T17:54:10.603Z", "is_published": true, "it_area": 1, "work": 1, "user": 1}}, {"model": "core.skill", "pk": 7, "fields": {"name": "REST APIs", "slug": "rest-apis", "description": "Representational state transfer (REST) is a software architectural style that was created to guide the design and development of the architecture for the World Wide Web. REST defines a set of constraints for how the architecture of an Internet-scale distributed hypermedia system, such as the Web, should behave.\r\n\r\nThe REST architectural style emphasises the scalability of interactions between components, uniform interfaces, independent deployment of components, and the creation of a layered architecture to facilitate caching components to reduce user-perceived latency, enforce security, and encapsulate legacy systems.\r\nREST has been employed throughout the software industry and is a widely accepted set of guidelines for creating stateless, reliable web APIs.", "logo": "photos/2022/06/06/output-onlinepngtools-21.png", "time_create": "2022-06-05T17:59:26.756Z", "time_update": "2022-06-06T19:16:16.016Z", "is_published": true, "it_area": 1, "work": 1, "user": 1}}, {"model": "core.skill", "pk": 8, "fields": {"name": "Swagger API", "slug": "swagger-api", "description": "Swagger is a suite of API developer tools from SmartBear Software and a former specification upon which the OpenAPI Specification is based.\r\n\r\nThe Swagger API project was created in 2011 by Tony Tam, technical co-founder of the dictionary site Wordnik. During the development of Wordnik's products, the need for automation of API documentation and client SDK generation became a major source of frustration. Tam designed a simple JSON representation of the API, building upon the flexibility of the REST style of architecture and using many features of tooling built for the SOAP protocol. The concept for the user interface was proposed by Ayush Gupta, who suggested that an interactive user interface would benefit end users who wished to \"try out\" and develop against the API.", "logo": "photos/2022/06/05/output-onlinepngtools-5.png", "time_create": "2022-06-05T18:02:49.352Z", "time_update": "2022-06-05T18:02:49.352Z", "is_published": true, "it_area": 1, "work": 1, "user": 1}}, {"model": "core.skill", "pk": 9, "fields": {"name": "Model–view–controller", "slug": "modelviewcontroller", "description": "Model–view–controller (MVC) is a software architectural pattern commonly used for developing user interfaces that divide the related program logic into three interconnected elements. This is done to separate internal representations of information from the ways information is presented to and accepted from the user.\r\n\r\nTraditionally used for desktop graphical user interfaces (GUIs), this pattern became popular for designing web applications. Popular programming languages have MVC frameworks that facilitate implementation of the pattern.", "logo": "photos/2022/06/05/output-onlinepngtools-6.png", "time_create": "2022-06-05T18:09:07.802Z", "time_update": "2022-06-05T18:09:07.802Z", "is_published": true, "it_area": 1, "work": 1, "user": 1}}, {"model": "core.skill", "pk": 10, "fields": {"name": "PostgreSQL", "slug": "postgresql", "description": "PostgreSQL is a powerful, open source object-relational database system with over 30 years of active development that has earned it a strong reputation for reliability, feature robustness, and performance.\r\n\r\nThere is a wealth of information to be found describing how to install and use PostgreSQL through the official documentation. The PostgreSQL community provides many helpful places to become familiar with the technology, discover how it works, and find career opportunities.", "logo": "photos/2022/06/05/output-onlinepngtools-7.png", "time_create": "2022-06-05T18:13:31.188Z", "time_update": "2022-06-05T18:13:31.188Z", "is_published": true, "it_area": 1, "work": 1, "user": 1}}, {"model": "core.skill", "pk": 11, "fields": {"name": "SQLAlchemy", "slug": "sqlalchemy", "description": "SQLAlchemy is the Python SQL toolkit and Object Relational Mapper that gives application developers the full power and flexibility of SQL.\r\n\r\nIt provides a full suite of well known enterprise-level persistence patterns, designed for efficient and high-performing database access, adapted into a simple and Pythonic domain language.", "logo": "photos/2022/06/05/output-onlinepngtools-8.png", "time_create": "2022-06-05T18:16:19.805Z", "time_update": "2022-06-05T18:16:19.805Z", "is_published": true, "it_area": 1, "work": 1, "user": 1}}, {"model": "core.skill", "pk": 12, "fields": {"name": "MongoDB", "slug": "mongodb", "description": "MongoDB is a source-available cross-platform document-oriented database program. Classified as a NoSQL database program, MongoDB uses JSON-like documents with optional schemas. MongoDB is developed by MongoDB Inc. and licensed under the Server Side Public License (SSPL).", "logo": "photos/2022/06/05/output-onlinepngtools-9.png", "time_create": "2022-06-05T18:19:41.189Z", "time_update": "2022-06-05T18:19:41.189Z", "is_published": true, "it_area": 1, "work": 1, "user": 1}}, {"model": "core.skill", "pk": 13, "fields": {"name": "Redis", "slug": "redis", "description": "Redis (Remote Dictionary Server) is an in-memory data structure store, used as a distributed, in-memory key–value database, cache and message broker, with optional durability. Redis supports different kinds of abstract data structures, such as strings, lists, maps, sets, sorted sets, HyperLogLogs, bitmaps, streams, and spatial indices. \r\n\r\nThe project was developed and maintained by Salvatore Sanfilippo. From 2015 until 2020, he led a project core team sponsored by Redis Labs. Salvatore Sanfilippo left Redis as the maintainer in 2020.\r\nIt is open-source software released under a BSD 3-clause license. In 2021, not long after the original author and main maintainer left, Redis Labs dropped the Labs from its name and now redis, the open source DB as well as Redis Labs, the commercial company, are referred to as \"redis\".", "logo": "photos/2022/06/05/output-onlinepngtools-10.png", "time_create": "2022-06-05T18:30:29.034Z", "time_update": "2022-06-05T18:30:29.034Z", "is_published": true, "it_area": 1, "work": 1, "user": 1}}, {"model": "core.skill", "pk": 14, "fields": {"name": "RabbitMQ", "slug": "rabbitmq", "description": "RabbitMQ is an open-source message-broker software (sometimes called message-oriented middleware) that originally implemented the Advanced Message Queuing Protocol (AMQP) and has since been extended with a plug-in architecture to support Streaming Text Oriented Messaging Protocol (STOMP), MQ Telemetry Transport (MQTT), and other protocols.\r\n\r\nWritten in Erlang, the RabbitMQ server is built on the Open Telecom Platform framework for clustering and failover. Client libraries to interface with the broker are available for all major programming languages. The source code is released under the Mozilla Public License.", "logo": "photos/2022/06/05/output-onlinepngtools-11.png", "time_create": "2022-06-05T18:34:15.545Z", "time_update": "2022-06-05T18:34:15.545Z", "is_published": true, "it_area": 1, "work": 1, "user": 1}}, {"model": "core.skill", "pk": 15, "fields": {"name": "Docker", "slug": "docker", "description": "Docker is a set of platform as a service (PaaS) products that use OS-level virtualization to deliver software in packages called containers. The service has both free and premium tiers. The software that hosts the containers is called Docker Engine. It was first started in 2013 and is developed by Docker, Inc.", "logo": "photos/2022/06/06/output-onlinepngtools-22.png", "time_create": "2022-06-06T17:54:56.189Z", "time_update": "2022-06-06T19:18:08.875Z", "is_published": true, "it_area": 2, "work": 1, "user": 1}}, {"model": "core.skill", "pk": 16, "fields": {"name": "Kubernetes", "slug": "kubernetes", "description": "Kubernetes is an open-source container orchestration system for automating software deployment, scaling, and management. Google originally designed Kubernetes, but the Cloud Native Computing Foundation now maintains the project.\r\n\r\nKubernetes works with Docker, Containerd, and CRI-O. Originally, it interfaced exclusively with the Docker runtime through a \"Dockershim\"; however, from 2016 up to April 2022, Kubernetes has deprecated the shim in favor of directly interfacing with the container through Containerd, or replacing Docker with a runtime that is compliant with the Container Runtime Interface (CRI). With the release of v1.24 in May 2022, \"Dockershim\" has been removed entirely.\r\n\r\nAmazon, Google, IBM, Microsoft, Oracle, Red Hat, SUSE, Platform9 and VMware offer Kubernetes-based platforms or infrastructure as a service (IaaS) that deploy Kubernetes.", "logo": "photos/2022/06/06/output-onlinepngtools-13.png", "time_create": "2022-06-06T17:58:56.792Z", "time_update": "2022-06-06T17:58:56.792Z", "is_published": true, "it_area": 2, "work": 1, "user": 1}}, {"model": "core.skill", "pk": 17, "fields": {"name": "CI/CD", "slug": "cicd", "description": "CI/CD bridges the gaps between development and operation activities and teams by enforcing automation in building, testing and deployment of applications. CI/CD services compile the incremental code changes made by developers, then link and package them into software deliverables.\r\n\r\nAutomated tests verify the software functionality, and automated deployment services deliver them to end users. The aim is to increase early defect discovery, increase productivity, and provide faster release cycles. The process contrasts with traditional methods where a collection of software updates were integrated into one large batch before deploying the newer version. \r\n\r\nModern-day DevOps practices involve continuous development, continuous testing, continuous integration, continuous deployment and continuous monitoring of software applications throughout its development life cycle. The CI/CD practice, or CI/CD pipeline, forms the backbone of modern day DevOps operations", "logo": "photos/2022/06/06/image1.png", "time_create": "2022-06-06T19:03:51.468Z", "time_update": "2022-06-06T19:13:05.294Z", "is_published": true, "it_area": 2, "work": 1, "user": 1}}, {"model": "core.skill", "pk": 18, "fields": {"name": "Git", "slug": "git", "description": "Git is a free and open source distributed version control system designed to handle everything from small to very large projects with speed and efficiency.\r\n\r\nGit is easy to learn and has a tiny footprint with lightning fast performance. It outclasses SCM tools like Subversion, CVS, Perforce, and ClearCase with features like cheap local branching, convenient staging areas, and multiple workflows.", "logo": "photos/2022/06/06/output-onlinepngtools-15.png", "time_create": "2022-06-06T19:06:14.083Z", "time_update": "2022-06-06T19:06:14.083Z", "is_published": true, "it_area": 1, "work": 1, "user": 1}}, {"model": "core.skill", "pk": 19, "fields": {"name": "Linux", "slug": "linux", "description": "Linux  is a family of open-source Unix-like operating systems based on the Linux kernel,  an operating system kernel first released on September 17, 1991, by Linus Torvalds. Linux is typically packaged in a Linux distribution.\r\nDistributions include the Linux kernel and supporting system software and libraries, many of which are provided by the GNU Project. Many Linux distributions use the word \"Linux\" in their name, but the Free Software Foundation uses the name \"GNU/Linux\" to emphasize the importance of GNU software, causing some controversy.", "logo": "photos/2022/06/06/1200px-Linux_Logo_in_Linux_Libertine_Font.svg.png", "time_create": "2022-06-06T19:10:24.479Z", "time_update": "2022-06-06T19:11:06.089Z", "is_published": true, "it_area": 2, "work": 1, "user": 1}}, {"model": "core.skill", "pk": 20, "fields": {"name": "Bash", "slug": "bash", "description": "Bash is a Unix shell and command language written by Brian Fox for the GNU Project as a free software replacement for the Bourne shell. \r\nFirst released in 1989, t has been used as the default login shell for most Linux distributions.[16] Bash was one of the first programs Linus Torvalds ported to Linux, alongside GCC. \r\n\r\nA version is also available for Windows 10 via the Windows Subsystem for Linux.[18] It is also the default user shell in Solaris 11. Bash was also the default shell in all versions of Apple macOS prior to the 2019 release of macOS Catalina, which changed the default shell to zsh, although Bash remains available as an alternative shell.", "logo": "photos/2022/06/06/output-onlinepngtools-23.png", "time_create": "2022-06-06T19:21:21.803Z", "time_update": "2022-06-06T19:21:21.803Z", "is_published": true, "it_area": 2, "work": 1, "user": 1}}, {"model": "core.skill", "pk": 21, "fields": {"name": "Celery", "slug": "celery", "description": "Celery is an open source asynchronous task queue or job queue which is based on distributed message passing. While it supports scheduling, its focus is on operations in real time.\r\n\r\nThe execution units, called tasks, are executed concurrently on one or more worker nodes using multiprocessing, eventlet or gevent. Tasks can execute asynchronously (in the background) or synchronously (wait until ready). Celery is used in production systems, for instance Instagram, to process millions of tasks every day.", "logo": "photos/2022/06/06/output-onlinepngtools-24.png", "time_create": "2022-06-06T19:24:09.984Z", "time_update": "2022-06-06T19:24:09.984Z", "is_published": true, "it_area": 1, "work": 1, "user": 1}}, {"model": "core.skill", "pk": 22, "fields": {"name": "Jinja2", "slug": "jinja2", "description": "Jinja is a web template engine for the Python programming language. It was created by Armin Ronacher and is licensed under a BSD License. \r\nJinja is similar to the Django template engine but provides Python-like expressions while ensuring that the templates are evaluated in a sandbox. It is a text-based template language and thus can be used to generate any markup as well as source code.\r\n\r\nThe Jinja template engine allows customization of tags, filters, tests, and globals. Also, unlike the Django template engine, Jinja allows the template designer to call functions with arguments on objects. Jinja is Flask's default template engine and it is also used by Ansible, Trac, and Salt.", "logo": "photos/2022/06/06/output-onlinepngtools-25.png", "time_create": "2022-06-06T19:27:08.708Z", "time_update": "2022-06-06T19:27:08.708Z", "is_published": true, "it_area": 1, "work": 1, "user": 1}}, {"model": "core.skill", "pk": 23, "fields": {"name": "HTML", "slug": "html", "description": "The HyperText Markup Language or HTML is the standard markup language for documents designed to be displayed in a web browser. It can be assisted by technologies such as Cascading Style Sheets (CSS) and scripting languages such as JavaScript.\r\n\r\nWeb browsers receive HTML documents from a web server or from local storage and render the documents into multimedia web pages. HTML describes the structure of a web page semantically and originally included cues for the appearance of the document.\r\n\r\nHTML elements are the building blocks of HTML pages. With HTML constructs, images and other objects such as interactive forms may be embedded into the rendered page. HTML provides a means to create structured documents by denoting structural semantics for text such as headings, paragraphs, lists, links, quotes and other items. HTML elements are delineated by tags, written using angle brackets.", "logo": "photos/2022/06/06/output-onlinepngtools-26.png", "time_create": "2022-06-06T19:29:14.660Z", "time_update": "2022-06-06T19:29:14.660Z", "is_published": true, "it_area": 1, "work": 1, "user": 1}}, {"model": "core.skill", "pk": 24, "fields": {"name": "CSS", "slug": "css", "description": "Cascading Style Sheets (CSS) is a style sheet language used for describing the presentation of a document written in a markup language such as HTML. CSS is a cornerstone technology of the World Wide Web, alongside HTML and JavaScript.\r\n\r\nCSS is designed to enable the separation of presentation and content, including layout, colors, and fonts.This separation can improve content accessibility; provide more flexibility and control in the specification of presentation characteristics; enable multiple web pages to share formatting by specifying the relevant CSS in a separate .css file, which reduces complexity and repetition in the structural content; and enable the .css file to be cached to improve the page load speed between the pages that share the file and its formatting.", "logo": "photos/2022/06/18/css3-11-1175239.png", "time_create": "2022-06-06T19:31:01.806Z", "time_update": "2022-06-06T19:31:01.806Z", "is_published": true, "it_area": 1, "work": 1, "user": 1}}, {"model": "core.skill", "pk": 25, "fields": {"name": "JavaScript", "slug": "javascript", "description": "JavaScript often abbreviated JS, is a programming language that is one of the core technologies of the World Wide Web, alongside HTML and CSS. Over 97% of websites use JavaScript on the client side for web page behavior, often incorporating third-party libraries. \r\n\r\nAll major web browsers have a dedicated JavaScript engine to execute the code on users' devices.\r\nJavaScript is a high-level, often just-in-time compiled language that conforms to the ECMAScript standard. \r\nIt has dynamic typing, prototype-based object-orientation, and first-class functions. It is multi-paradigm, supporting event-driven, functional, and imperative programming styles. It has application programming interfaces (APIs) for working with text, dates, regular expressions, standard data structures, and the Document Object Model (DOM).", "logo": "photos/2022/06/06/output-onlinepngtools-29.png", "time_create": "2022-06-06T19:33:26.425Z", "time_update": "2022-06-06T19:35:05.338Z", "is_published": true, "it_area": 1, "work": 1, "user": 1}}, {"model": "core.video", "pk": 1, "fields": {"name": "Paganiniana", "url": "https://www.youtube.com/watch?v=874Pyn1u6xA"}}, {"model": "core.video", "pk": 2, "fields": {"name": "Chaconne", "url": "https://www.youtube.com/watch?v=Q4_u-M8SA5Q"}}, {"model": "core.video", "pk": 3, "fields": {"name": "Tchaikovsky", "url": "https://www.youtube.com/watch?v=bFO9n9rhooA"}}, {"model": "core.video", "pk": 4, "fields": {"name": "Mix", "url": "https://www.youtube.com/watch?v=jz1-iF_ve-4"}}, {"model": "core.video", "pk": 5, "fields": {"name": "Henryk Wieniawski", "url": "https://www.youtube.com/watch?v=oQmxNHrVjuY"}}, {"model": "core.video", "pk": 6, "fields": {"name": "Grieg", "url": "https://www.youtube.com/watch?v=DGWd04rjefI"}}, {"model": "core.work", "pk": 1, "fields": {"name": "start.ru", "description": "START is the first video service in Russia to rely on its own content. START have already released more than 60 original projects, including \"Container\", \"Kept Women\", \"Text\", \"Former\", \"Vampires of the Middle Band\", \"Plectrum\", \"Storm\" and other series and films that critics and viewers love. \r\n\r\nIn addition, START constantly select the current line of new products for subscribers. At the same time, everything is included in the monthly  payment, including premieres: you pay only once - and immediately for all content.", "about_experience": " - working with external APIs of fiscal and payment gateways\r\n - development and testing of microservices\r\n - database optimisation\r\n - database archiving\r\n - database querying optimization\r\n - code review\r\n - old code refactoring according to SOLID\r\n - R&D\r\n - writing apps from scratch\r\n - development custom admin server on Flask using HTML, CSS and JavaScript\r\n - dokerizing and setting CI/CD\r\n - updating Python interpreter version on production server, exploring libraries changelogs for ensuring compatibility", "position": "Backend developer", "logo": "photos/2022/06/05/Start.png", "start": "2021-01-27", "end": null, "site": "https://start.ru"}}, {"model": "summary.itarea", "pk": 1, "fields": {"name": "Programming"}}, {"model": "summary.itarea", "pk": 2, "fields": {"name": "DevOps"}}, {"model": "summary.itarea", "pk": 3, "fields": {"name": "Unix-engineering"}}, {"model": "summary.itarea", "pk": 4, "fields": {"name": "Networks-engineering"}}, {"model": "summary.itarea", "pk": 5, "fields": {"name": "Analytics"}}, {"model": "summary.itarea", "pk": 6, "fields": {"name": "QA-automation"}}, {"model": "summary.technology", "pk": 1, "fields": {"name": "Django", "link": "https://github.com/ervand7/Summary/tree/master/Django"}}, {"model": "summary.technology", "pk": 2, "fields": {"name": "Flask", "link": "https://github.com/ervand7/Summary/tree/master/Flask"}}, {"model": "summary.technology", "pk": 3, "fields": {"name": "Advanced Python", "link": "https://github.com/ervand7/Summary/tree/master/Advanced%20Python"}}, {"model": "summary.technology", "pk": 4, "fields": {"name": "Algorithms and data structures", "link": "https://github.com/ervand7/Summary/tree/master/Algorithms%20and%20data%20structures"}}, {"model": "summary.technology", "pk": 5, "fields": {"name": "Python built-in functions", "link": "https://github.com/ervand7/Summary/tree/master/Built-in%20functions"}}, {"model": "summary.technology", "pk": 6, "fields": {"name": "Database engineering", "link": "https://github.com/ervand7/Summary/tree/master/DB"}}, {"model": "summary.technology", "pk": 7, "fields": {"name": "Python decorators", "link": "https://github.com/ervand7/Summary/tree/master/Decorators"}}, {"model": "summary.technology", "pk": 8, "fields": {"name": "Docker", "link": "https://github.com/ervand7/Summary/tree/master/DevOps/Docker"}}, {"model": "summary.technology", "pk": 9, "fields": {"name": "Kubernetes", "link": "https://github.com/ervand7/Summary/tree/master/DevOps/Kubernetes"}}, {"model": "summary.technology", "pk": 10, "fields": {"name": "Work with servers", "link": "https://github.com/ervand7/Summary/tree/master/DevOps/Servers"}}, {"model": "summary.technology", "pk": 11, "fields": {"name": "HTML", "link": "https://github.com/ervand7/Summary/tree/master/Frontend/html"}}, {"model": "summary.technology", "pk": 12, "fields": {"name": "CSS", "link": "https://github.com/ervand7/Summary/tree/master/Frontend/css"}}, {"model": "summary.technology", "pk": 13, "fields": {"name": "JavaScript", "link": "https://github.com/ervand7/Summary/tree/master/Frontend/JavaScript"}}, {"model": "summary.technology", "pk": 14, "fields": {"name": "Generators and iterators", "link": "https://github.com/ervand7/Summary/tree/master/Generators%20and%20iterators"}}, {"model": "summary.technology", "pk": 15, "fields": {"name": "Git", "link": "https://github.com/ervand7/Summary/tree/master/Git"}}, {"model": "summary.technology", "pk": 16, "fields": {"name": "Googled Python chips", "link": "https://github.com/ervand7/Summary/tree/master/Googled%20chips"}}, {"model": "summary.technology", "pk": 17, "fields": {"name": "Json-schema", "link": "https://github.com/ervand7/Summary/tree/master/JSON-schema"}}, {"model": "summary.technology", "pk": 18, "fields": {"name": "Jinja2", "link": "https://github.com/ervand7/Summary/tree/master/Jinja2"}}, {"model": "summary.technology", "pk": 19, "fields": {"name": "Python modules", "link": "https://github.com/ervand7/Summary/tree/master/Modules"}}, {"model": "summary.technology", "pk": 20, "fields": {"name": "Networks", "link": "https://github.com/ervand7/Summary/tree/master/Networks/Proxy"}}, {"model": "summary.technology", "pk": 21, "fields": {"name": "Python OOP", "link": "https://github.com/ervand7/Summary/tree/master/OOP"}}, {"model": "summary.technology", "pk": 22, "fields": {"name": "Asinchrony", "link": "https://github.com/ervand7/Summary/tree/master/Parallelism/Asinchrony"}}, {"model": "summary.technology", "pk": 23, "fields": {"name": "Celery", "link": "https://github.com/ervand7/Summary/tree/master/Parallelism/Celery"}}, {"model": "summary.technology", "pk": 24, "fields": {"name": "Patterns", "link": "https://github.com/ervand7/Summary/tree/master/Patterns"}}, {"model": "summary.technology", "pk": 25, "fields": {"name": "Pycharm", "link": "https://github.com/ervand7/Summary/tree/master/PyCharm"}}, {"model": "summary.technology", "pk": 26, "fields": {"name": "RabbitMQ", "link": "https://github.com/ervand7/Summary/tree/master/RabbitMQ"}}, {"model": "summary.technology", "pk": 27, "fields": {"name": "Python versions", "link": "https://github.com/ervand7/Summary/tree/master/Python%20versions"}}, {"model": "summary.technology", "pk": 28, "fields": {"name": "SOLID", "link": "https://github.com/ervand7/Summary/tree/master/SOLID"}}, {"model": "summary.technology", "pk": 29, "fields": {"name": "Unix technologies", "link": "https://github.com/ervand7/Summary/tree/master/UNIX"}}, {"model": "summary.technology", "pk": 30, "fields": {"name": "how to google a programmer?", "link": "https://github.com/ervand7/Summary/blob/master/how%20to%20google%20a%20programmer%3F.txt"}}, {"model": "summary.technology", "pk": 31, "fields": {"name": "Xpath", "link": "https://github.com/ervand7/Summary/blob/master/xpath.txt"}}, {"model": "summary.technologyitarea", "pk": 1, "fields": {"it_area": 1, "technology": 1}}, {"model": "summary.technologyitarea", "pk": 2, "fields": {"it_area": 1, "technology": 2}}, {"model": "summary.technologyitarea", "pk": 3, "fields": {"it_area": 1, "technology": 3}}, {"model": "summary.technologyitarea", "pk": 4, "fields": {"it_area": 5, "technology": 4}}, {"model": "summary.technologyitarea", "pk": 5, "fields": {"it_area": 1, "technology": 4}}, {"model": "summary.technologyitarea", "pk": 6, "fields": {"it_area": 1, "technology": 5}}, {"model": "summary.technologyitarea", "pk": 7, "fields": {"it_area": 1, "technology": 6}}, {"model": "summary.technologyitarea", "pk": 8, "fields": {"it_area": 5, "technology": 6}}, {"model": "summary.technologyitarea", "pk": 9, "fields": {"it_area": 1, "technology": 7}}, {"model": "summary.technologyitarea", "pk": 10, "fields": {"it_area": 2, "technology": 8}}, {"model": "summary.technologyitarea", "pk": 11, "fields": {"it_area": 2, "technology": 9}}, {"model": "summary.technologyitarea", "pk": 12, "fields": {"it_area": 2, "technology": 10}}, {"model": "summary.technologyitarea", "pk": 13, "fields": {"it_area": 1, "technology": 11}}, {"model": "summary.technologyitarea", "pk": 14, "fields": {"it_area": 1, "technology": 12}}, {"model": "summary.technologyitarea", "pk": 15, "fields": {"it_area": 1, "technology": 13}}, {"model": "summary.technologyitarea", "pk": 16, "fields": {"it_area": 1, "technology": 14}}, {"model": "summary.technologyitarea", "pk": 17, "fields": {"it_area": 1, "technology": 15}}, {"model": "summary.technologyitarea", "pk": 18, "fields": {"it_area": 1, "technology": 16}}, {"model": "summary.technologyitarea", "pk": 19, "fields": {"it_area": 6, "technology": 17}}, {"model": "summary.technologyitarea", "pk": 20, "fields": {"it_area": 1, "technology": 18}}, {"model": "summary.technologyitarea", "pk": 21, "fields": {"it_area": 1, "technology": 19}}, {"model": "summary.technologyitarea", "pk": 22, "fields": {"it_area": 4, "technology": 20}}, {"model": "summary.technologyitarea", "pk": 23, "fields": {"it_area": 1, "technology": 21}}, {"model": "summary.technologyitarea", "pk": 24, "fields": {"it_area": 1, "technology": 22}}, {"model": "summary.technologyitarea", "pk": 25, "fields": {"it_area": 1, "technology": 23}}, {"model": "summary.technologyitarea", "pk": 26, "fields": {"it_area": 1, "technology": 24}}, {"model": "summary.technologyitarea", "pk": 27, "fields": {"it_area": 1, "technology": 25}}, {"model": "summary.technologyitarea", "pk": 28, "fields": {"it_area": 1, "technology": 26}}, {"model": "summary.technologyitarea", "pk": 29, "fields": {"it_area": 1, "technology": 27}}, {"model": "summary.technologyitarea", "pk": 30, "fields": {"it_area": 1, "technology": 28}}, {"model": "summary.technologyitarea", "pk": 31, "fields": {"it_area": 3, "technology": 29}}, {"model": "summary.technologyitarea", "pk": 32, "fields": {"it_area": 1, "technology": 30}}, {"model": "summary.technologyitarea", "pk": 33, "fields": {"it_area": 6, "technology": 31}}]